"id","sample_01.fasta","sample_02.fasta","sample_03.fasta","sample_04.fasta","sample_05.fasta","sample_06.fasta","sample_07.fasta","sample_08.fasta","sample_09.fasta","sample_10.fasta","sample_11.fasta","sample_12.fasta","sample_13.fasta","sample_14.fasta","sample_15.fasta","sample_16.fasta"
"NM_000026",255,278,294,329,323,259,289,337,261,347,332,375,284,273,281,318
"NM_000106",324,393,364,360,367,268,342,334,319,265,324,319,339,354,350,303
"NM_000185",503,431,451,371,442,466,424,454,430,374,427,455,410,487,448,408
"NM_000262",725,768,718,743,774,733,717,730,693,787,864,648,901,735,765,747
"NM_000268",1235,1172,1301,1230,1214,1136,1129,1170,1260,1252,1174,1170,1290,1200,1166,1187
"NM_000343",1012,975,1053,997,1053,1000,898,1061,1001,936,983,1034,1033,1036,990,1177
"NM_000355",1322,1117,1237,1273,1264,1267,1218,1129,421,409,368,501,324,409,383,437
"NM_000362",1084,1160,1219,1134,1225,1072,1108,1063,1097,1076,1121,1106,1206,1074,1165,1171
"NM_000395",992,1001,1110,1014,969,1007,955,973,959,1000,1009,983,932,907,927,903
"NM_000398",523,602,650,602,633,647,533,575,579,506,620,613,533,538,627,637
"NM_000407",225,167,180,198,201,235,209,228,125,208,183,183,182,148,184,240
"NM_000487",825,863,806,897,907,862,910,815,993,836,882,904,925,789,834,758
"NM_000496",156,150,132,177,184,180,146,161,175,137,151,141,148,197,151,162
"NM_000631",294,270,261,269,285,282,258,302,236,318,264,305,246,229,296,291
"NM_000675",439,537,656,570,527,508,466,508,532,520,448,541,470,571,532,531
"NM_000714",157,261,191,174,166,149,200,204,111,213,186,199,214,183,163,205
"NM_000754",644,642,762,678,723,668,625,737,520,436,464,461,452,533,457,555
"NM_000853",391,411,393,414,465,409,433,391,203,218,239,178,223,210,234,229
"NM_000854",196,289,221,195,261,214,182,228,161,241,252,259,159,290,184,253
"NM_000878",836,781,767,822,893,854,867,786,750,780,788,783,717,840,708,845
"NM_000967",245,289,284,260,256,252,272,237,230,314,245,252,270,297,235,304
"NM_001001479",535,473,567,484,502,487,518,502,493,489,495,587,534,464,511,536
"NM_001001560",585,573,616,565,538,551,596,487,3088,3214,3082,3412,3228,3201,3295,3281
"NM_001001561",331,339,342,324,299,399,392,263,365,388,396,397,340,356,341,373
"NM_001001663",97,108,115,102,86,99,97,106,98,110,59,103,84,97,95,64
"NM_001001694",733,682,663,776,741,720,778,671,724,672,657,648,756,699,754,685
"NM_001001794",473,335,367,427,485,438,385,460,360,452,434,467,434,425,430,430
"NM_001001852",478,458,517,504,502,469,524,519,453,476,536,465,488,502,541,487
"NM_001001928",1978,1889,2028,2044,2015,1897,1852,1867,2025,2030,1864,2104,2076,2076,2067,1948
"NM_001002034",522,434,520,474,365,587,462,486,469,549,464,434,512,447,494,487
"NM_001002837",411,457,455,443,411,456,459,447,407,430,479,423,403,487,410,487
"NM_001002862",562,606,643,663,610,584,684,591,727,635,513,596,597,566,591,684
"NM_001002876",156,142,119,166,233,153,169,183,155,173,130,231,130,186,197,155
"NM_001002877",604,477,473,568,468,522,505,451,511,554,590,509,533,566,544,577
"NM_001002878",564,534,541,571,579,499,502,545,559,498,497,448,584,645,548,588
"NM_001002879",499,583,493,497,468,454,459,512,524,516,519,434,483,513,499,537
"NM_001002880",281,230,263,231,203,307,313,227,245,261,272,331,236,242,264,254
"NM_001003406",2033,2136,1949,1911,1984,2256,1868,1982,2060,2044,1987,1978,1880,1962,2068,1998
"NM_001003681",757,764,851,839,847,702,836,789,947,774,973,799,840,816,849,779
"NM_001003684",202,158,234,230,210,197,156,213,214,228,185,195,187,188,249,200
"NM_001003692",208,179,227,178,172,246,245,167,178,170,213,167,211,191,136,181
"NM_001003704",221,157,231,246,182,284,202,225,232,242,172,210,216,199,195,259
"NM_001003789",512,408,476,415,412,459,448,416,468,419,367,461,370,476,426,469
"NM_001003796",295,247,315,318,260,336,347,314,285,337,264,286,300,305,271,307
"NM_001003828",401,423,391,389,308,391,391,319,385,368,356,340,305,393,350,402
"NM_001003891",687,753,698,690,753,644,720,673,700,609,731,753,746,642,676,660
"NM_001004426",579,591,723,658,631,544,564,576,631,597,592,568,680,657,595,568
"NM_001005239",200,152,175,220,175,147,201,225,141,180,146,200,217,160,204,172
"NM_001005409",1023,1048,958,962,954,1050,1085,974,1010,1037,1007,963,902,1000,1125,952
"NM_001005735",371,359,370,381,397,438,445,382,392,326,375,346,419,393,310,379
"NM_001006666",135,189,132,185,129,154,180,138,223,124,196,139,168,191,218,171
"NM_001007188",563,420,521,465,435,494,443,408,473,545,417,549,490,468,465,485
"NM_001007467",865,882,906,865,869,928,858,888,815,820,746,908,957,963,848,945
"NM_001007468",285,317,352,333,341,305,369,333,345,368,351,302,346,314,318,341
"NM_001008494",770,609,729,826,653,772,698,632,714,672,710,748,615,670,735,637
"NM_001008496",635,698,643,701,772,694,740,681,2720,2755,2806,2811,2885,2870,2714,2803
"NM_001008566",411,367,405,474,347,430,454,433,389,387,460,365,403,304,393,423
"NM_001008695",193,222,209,229,220,238,265,262,221,194,270,222,203,185,215,236
"NM_001008697",631,567,689,544,567,627,623,581,558,724,541,531,506,589,508,594
"NM_001009880",1150,1329,1246,1195,1055,1211,1305,1318,1247,1199,1176,1186,1215,1236,1293,1221
"NM_001009939",440,444,442,549,408,537,475,443,521,453,440,475,473,361,427,525
"NM_001010859",159,192,189,155,158,128,122,155,155,215,137,185,142,166,153,160
"NM_001013436",348,223,247,245,280,288,253,267,256,241,277,244,264,276,308,301
"NM_001013647",2123,1936,2019,1930,2120,2065,1932,2002,2195,2179,1988,2133,1955,2005,2105,2000
"NM_001013694",250,247,263,274,309,265,237,245,276,280,296,224,238,257,293,210
"NM_001014440",225,206,214,211,210,214,172,170,213,173,186,143,157,209,185,192
"NM_001017437",588,588,621,620,645,547,553,609,590,666,626,703,627,631,504,580
"NM_001017526",370,358,343,362,318,336,366,400,392,345,291,301,324,369,340,349
"NM_001017528",363,355,296,404,385,410,347,345,2003,2180,2087,2032,1970,1885,1962,2069
"NM_001017529",345,293,357,365,309,344,282,374,324,326,278,314,355,347,316,361
"NM_001017530",392,325,396,413,379,409,415,414,454,415,424,403,400,398,424,380
"NM_001017964",924,713,715,836,825,830,825,888,243,185,331,305,247,266,286,240
"NM_001017981",353,356,379,331,372,328,379,362,356,402,382,361,392,401,392,411
"NM_001018050",840,930,953,907,763,945,870,922,825,864,953,822,743,953,931,922
"NM_001018052",802,902,892,798,938,874,880,785,929,968,757,905,934,951,943,885
"NM_001018060",439,514,561,488,454,472,561,518,395,520,474,509,474,433,476,468
"NM_001024843",3358,3072,3154,3311,2992,3328,3135,3187,3260,3058,3355,3135,3164,3283,3084,3201
"NM_001024938",429,444,469,554,488,401,532,542,435,335,436,477,508,499,440,406
"NM_001024939",506,446,471,449,439,485,509,543,500,402,423,531,475,501,518,432
"NM_001025161",305,305,310,277,242,360,301,282,293,299,258,292,301,284,323,298
"NM_001031695",1356,1332,1291,1307,1339,1348,1283,1430,1552,1339,1534,1391,1239,1311,1420,1465
"NM_001031801",625,630,595,506,613,603,572,528,555,601,481,505,649,647,574,606
"NM_001032364",555,465,566,496,485,568,389,513,2363,2058,2139,2123,2011,2240,2156,1996
"NM_001032365",1000,926,921,1054,1026,980,952,949,495,505,503,494,498,521,466,475
"NM_001033024",309,334,348,356,358,414,380,308,385,370,380,359,399,317,335,310
"NM_001033853",224,296,240,237,260,258,216,261,212,238,232,201,276,233,239,291
"NM_001035247",304,366,343,333,405,361,314,356,324,371,312,346,402,359,323,381
"NM_001037666",332,343,388,308,373,291,334,257,300,337,324,340,315,422,385,310
"NM_001037814",561,537,474,506,492,547,498,474,606,567,564,476,548,580,477,555
"NM_001039141",2100,2045,1965,2033,1932,1921,1962,1973,2062,2167,1847,2108,2022,1913,1928,2020
"NM_001039366",205,376,204,362,314,234,245,329,260,306,275,301,299,306,261,233
"NM_001039367",249,288,292,250,283,252,288,278,224,312,261,263,257,269,286,301
"NM_001039570",1156,1233,1311,1165,1397,1246,1253,1190,1195,1172,1168,1219,1120,1085,1178,1275
"NM_001039583",382,404,367,429,432,475,397,447,446,464,499,427,480,435,477,438
"NM_001039584",447,403,392,428,363,410,394,389,380,409,386,415,411,403,375,423
"NM_001039948",1211,1335,1179,1280,1231,1188,1172,1164,1225,1133,1132,1350,1173,1285,1289,1392
"NM_001044370",548,460,565,578,596,550,507,632,531,490,528,484,456,536,515,501
"NM_001051",678,952,874,798,754,852,870,958,769,864,776,750,868,823,795,879
"NM_001079539",291,400,342,368,400,452,361,375,1866,1909,1953,2028,1985,1896,2080,2097
"NM_001080843",225,175,188,228,243,227,205,272,216,242,166,188,234,234,230,227
"NM_001082576",1437,1245,1406,1547,1342,1434,1420,1295,1382,1424,1404,1419,1464,1334,1344,1508
"NM_001082577",1382,1222,1267,1404,1448,1341,1430,1296,1340,1501,1427,1408,1412,1433,1488,1323
"NM_001082578",1351,1375,1368,1487,1478,1353,1466,1392,1254,1376,1617,1383,1395,1358,1362,1426
"NM_001082579",1418,1274,1496,1457,1419,1522,1436,1376,1284,1298,1253,1361,1553,1470,1493,1401
"NM_001082967",530,498,512,500,504,491,478,552,546,527,543,500,565,510,528,499
"NM_001084392",106,109,111,179,209,149,171,93,158,138,161,104,160,141,97,120
"NM_001084393",301,272,286,365,338,348,324,358,393,323,251,348,374,282,342,364
"NM_001085425",823,893,852,867,895,838,810,884,770,791,916,840,768,921,865,793
"NM_001085426",793,847,849,939,789,846,816,890,790,814,794,726,825,776,903,855
"NM_001085427",789,818,821,826,910,842,749,790,4635,4659,4507,4443,4573,4340,4528,4542
"NM_001085428",882,807,857,790,843,765,845,834,4037,4298,3904,3751,3749,4076,4006,4053
"NM_001097",294,308,273,308,224,248,321,280,309,259,335,245,248,291,292,351
"NM_001098",524,516,541,524,485,495,517,615,564,546,564,590,589,576,598,476
"NM_001098270",1010,1077,966,1031,949,943,935,997,921,1008,925,985,1050,1118,1038,1076
"NM_001098497",1201,1258,1258,1241,1250,1245,1222,1301,1238,1054,1269,1347,1171,1290,1208,1233
"NM_001098498",1198,1244,1161,1206,1067,1120,1142,1271,1109,1227,1218,1206,1147,1160,1146,1114
"NM_001098504",978,906,1023,997,926,971,907,882,940,1007,995,1081,855,1060,990,1004
"NM_001098527",520,453,455,495,540,475,453,561,424,476,501,531,452,520,561,505
"NM_001098535",252,308,319,371,341,222,297,360,333,261,328,234,286,279,334,311
"NM_001099294",1237,1304,1291,1225,1241,1396,1305,1172,1325,1236,1332,1392,1317,1551,1281,1364
"NM_001099781",505,585,496,562,403,463,450,548,492,467,533,425,500,623,534,498
"NM_001099782",476,480,571,510,432,451,439,533,468,483,464,503,449,508,519,482
"NM_001102371",960,977,1027,1102,1101,1036,952,927,901,924,999,1038,1053,1033,987,980
"NM_001104595",600,667,645,616,622,718,628,692,613,692,633,710,556,644,725,771
"NM_001110215",111,77,91,84,116,124,145,119,110,131,94,145,117,128,105,103
"NM_001113755",300,343,366,345,300,358,365,350,298,299,424,327,376,358,335,307
"NM_001113756",454,391,314,428,407,372,377,335,1943,1895,1959,1777,1842,1894,1810,1773
"NM_001122731",703,714,645,716,704,640,581,723,668,699,717,623,805,646,614,697
"NM_001123225",80,102,105,56,78,95,71,70,78,92,91,83,83,67,89,71
"NM_001123378",203,279,261,272,297,289,247,287,263,244,271,284,281,299,315,300
"NM_001127",806,871,827,866,832,812,802,849,787,881,814,978,737,855,750,926
"NM_001127649",835,844,832,884,839,782,935,869,823,878,828,901,963,913,856,924
"NM_001128633",1139,1128,1147,1176,1240,1021,1156,1155,1234,1290,1189,1222,1092,1224,1242,1261
"NM_001128635",1091,1293,1075,985,1027,1104,1139,1004,956,1074,1078,1094,1113,1137,1172,989
"NM_001129819",568,693,658,586,650,689,559,594,681,613,705,652,598,624,633,642
"NM_001130517",333,366,325,309,325,344,278,325,360,314,294,310,321,284,245,343
"NM_001130861",513,461,422,523,481,509,519,362,487,463,447,485,519,483,438,440
"NM_001130919",425,475,452,442,487,476,398,432,422,447,396,423,485,461,436,415
"NM_001130920",503,496,509,466,537,439,519,496,450,439,447,424,394,486,484,386
"NM_001130921",526,417,421,479,399,544,489,586,538,449,592,457,533,441,492,403
"NM_001130922",434,447,389,358,502,335,403,439,420,432,445,406,500,372,502,505
"NM_001130923",461,469,502,492,499,453,501,493,367,380,453,452,441,519,431,410
"NM_001135101",330,301,307,276,364,368,343,279,324,383,293,290,315,331,275,287
"NM_001135161",375,457,490,481,392,497,456,505,447,485,543,400,460,430,419,448
"NM_001135162",427,412,441,498,469,529,415,387,430,552,383,441,437,385,473,450
"NM_001135729",498,431,405,491,466,496,375,463,453,551,425,457,570,507,585,368
"NM_001135730",430,415,436,476,408,429,528,431,540,516,396,399,471,463,443,465
"NM_001135732",443,527,533,426,538,505,458,466,460,467,449,520,474,397,453,547
"NM_001135751",190,174,192,205,207,202,244,256,251,208,328,194,238,227,192,206
"NM_001135772",333,361,271,281,366,308,400,410,368,286,307,346,323,332,363,392
"NM_001135774",651,704,663,591,585,628,631,561,601,653,687,572,673,579,652,610
"NM_001135825",608,569,661,574,594,678,661,631,574,694,707,583,510,555,638,580
"NM_001135862",965,1108,1030,1124,1119,1032,970,1084,725,719,620,692,715,703,624,751
"NM_001135911",439,490,446,461,486,465,481,525,2095,2269,2397,2132,2108,2235,2077,2295
"NM_001136004",1541,1666,1567,1561,1663,1682,1504,1781,1564,1587,1476,1623,1666,1571,1560,1591
"NM_001136029",1116,1143,1069,1126,954,1159,1077,1108,1017,1045,1059,1084,1034,943,961,1080
"NM_001136213",387,393,414,355,468,375,435,408,375,401,365,444,351,390,356,411
"NM_001136540",551,546,622,709,653,547,555,671,573,545,569,544,559,646,542,464
"NM_001136541",544,607,457,608,673,510,689,539,659,557,581,662,579,593,590,575
"NM_001137605",721,806,648,731,781,728,668,629,680,714,711,696,753,765,655,724
"NM_001142293",553,537,585,521,566,583,506,567,535,609,517,523,483,490,631,544
"NM_001142964",1000,956,957,1026,989,1009,1013,942,1032,1002,1083,925,995,1035,943,1006
"NM_001144931",122,116,91,106,108,91,135,113,99,114,170,106,99,96,108,95
"NM_001145134",528,494,585,572,605,535,473,557,572,551,540,465,462,451,501,514
"NM_001145135",566,596,616,550,518,531,516,486,501,508,517,514,580,515,621,493
"NM_001145136",520,450,471,407,482,547,494,529,465,454,498,564,471,531,467,509
"NM_001145137",583,575,518,533,545,541,593,540,2582,2365,2310,2450,2355,2520,2460,2358
"NM_001145206",2060,2350,1981,2027,2227,2037,2316,2053,2027,1896,2091,2311,2059,2102,2150,2082
"NM_001145398",950,833,914,918,790,923,869,900,858,840,811,829,965,874,895,848
"NM_001145418",2309,2402,2231,2441,2326,2431,2389,2177,2347,2389,2323,2356,2475,2432,2353,2275
"NM_001145468",1381,1312,1447,1413,1321,1232,1287,1384,1228,1318,1402,1280,1329,1437,1263,1338
"NM_001146288",496,527,455,480,548,504,411,411,511,470,443,485,516,489,463,498
"NM_001159286",563,598,598,489,511,538,478,520,545,496,583,514,505,575,581,501
"NM_001159545",300,322,344,257,337,331,307,288,296,347,312,294,341,240,258,267
"NM_001159546",283,286,311,276,308,343,277,311,310,288,251,351,238,301,301,275
"NM_001159554",1596,1771,1608,1738,1578,1679,1574,1647,527,571,507,521,453,561,542,650
"NM_001160300",611,612,582,619,572,594,582,559,652,590,696,538,608,533,596,575
"NM_001161368",448,422,400,444,419,366,396,436,395,461,484,418,418,443,399,431
"NM_001161572",447,531,458,479,468,507,429,538,458,497,496,627,425,523,471,508
"NM_001161573",421,468,406,445,358,494,427,444,456,408,386,448,483,442,391,457
"NM_001161574",469,494,443,449,574,488,453,414,445,531,552,570,448,445,563,469
"NM_001162501",3596,3696,3517,3635,3543,3611,3720,3618,3576,3648,3530,3594,3697,3558,3790,3558
"NM_001163079",834,797,766,731,685,874,739,882,4106,3883,4002,4125,4005,3989,3969,3817
"NM_001163285",565,551,479,550,532,411,460,466,573,470,567,554,549,520,531,439
"NM_001163286",555,504,506,492,527,493,531,539,509,572,519,615,524,506,565,542
"NM_001163287",288,318,339,366,323,263,332,326,348,345,310,328,380,228,231,339
"NM_001163857",228,242,151,228,273,202,196,197,265,199,218,202,224,184,230,172
"NM_001164104",730,798,676,778,736,771,769,782,710,759,776,671,823,761,789,853
"NM_001164105",892,776,751,867,825,712,843,718,761,711,773,791,740,752,702,826
"NM_001164106",211,253,319,239,211,260,292,295,291,278,235,217,266,262,293,307
"NM_001164501",716,696,669,703,681,726,710,658,605,690,773,718,722,713,743,695
"NM_001164502",653,659,600,606,585,584,605,683,608,639,643,558,583,751,617,577
"NM_001165877",170,151,190,204,118,166,169,152,200,183,200,158,151,190,149,148
"NM_001166002",216,166,182,222,176,219,216,220,262,184,191,211,243,280,225,188
"NM_001166003",259,290,188,223,223,241,259,255,210,221,261,232,244,241,225,216
"NM_001166004",129,118,132,126,130,117,101,106,142,151,103,110,74,120,103,128
"NM_001166019",901,889,783,816,835,713,807,900,769,761,925,792,808,885,857,848
"NM_001166242",292,315,326,364,275,306,236,383,380,257,343,300,287,308,323,308
"NM_001166343",414,390,384,444,356,416,403,434,361,404,332,376,359,413,344,373
"NM_001167574",150,166,132,124,134,122,180,169,154,149,156,165,157,166,114,108
"NM_001167621",623,615,640,609,642,642,590,651,640,621,593,613,611,602,620,666
"NM_001169109",241,226,215,183,212,216,198,217,178,197,164,205,218,237,188,265
"NM_001169110",244,223,174,172,150,192,171,174,217,205,211,154,221,166,248,211
"NM_001169111",223,230,189,209,157,207,224,161,239,194,212,221,194,207,240,240
"NM_001171660",613,600,679,646,647,535,629,558,688,610,637,605,614,585,646,631
"NM_001171661",649,585,591,552,561,646,571,519,593,544,621,666,533,669,556,607
"NM_001171690",324,317,315,302,278,327,360,342,325,272,327,384,337,304,351,295
"NM_001172687",692,524,591,625,655,697,670,580,655,640,612,583,687,761,655,597
"NM_001172688",653,655,578,663,694,610,750,702,636,625,598,630,587,660,650,688
"NM_001173533",853,890,890,982,814,970,899,752,826,834,813,1009,851,842,842,927
"NM_001173534",873,873,906,875,832,862,944,777,869,830,899,899,823,926,804,928
"NM_001177675",436,495,374,449,432,487,428,496,406,452,411,490,428,402,452,473
"NM_001177701",206,267,216,196,245,254,240,277,232,253,230,234,228,211,236,304
"NM_001178010",442,356,410,470,390,377,353,390,453,411,401,406,441,373,474,423
"NM_001178011",433,362,329,375,372,387,337,401,376,400,385,381,340,359,372,325
"NM_001178126",268,228,231,181,219,205,235,183,264,227,235,224,223,209,200,233
"NM_001184726",473,400,466,359,402,420,368,372,450,472,442,448,404,362,367,369
"NM_001184773",1309,1339,1345,1350,1263,1160,1273,1313,1391,1310,1243,1302,1299,1255,1297,1352
"NM_001184774",1302,1325,1225,1238,1340,1159,1253,1244,1294,1370,1245,1221,1264,1308,1331,1494
"NM_001184775",1229,1234,1288,1396,1390,1288,1326,1298,1372,1309,1221,1262,1284,1362,1150,1253
"NM_001184776",1405,1308,1280,1182,1336,1336,1298,1385,1274,1267,1172,1380,1387,1220,1342,1139
"NM_001184777",1185,1351,1287,1267,1218,1171,1312,1293,1253,1410,1292,1327,1229,1257,1142,1220
"NM_001184781",792,767,965,916,934,945,861,908,876,977,892,911,850,825,955,980
"NM_001184970",702,746,542,597,664,695,719,636,685,658,614,710,648,710,663,656
"NM_001184971",678,621,635,549,595,616,544,536,596,692,559,580,568,690,658,672
"NM_001185011",693,748,661,717,689,681,663,654,577,605,691,607,662,655,664,670
"NM_001185024",608,629,743,590,606,622,632,631,574,585,677,666,700,687,609,691
"NM_001190326",847,906,896,908,943,885,910,777,954,823,976,916,872,830,925,821
"NM_001193289",201,247,261,175,207,212,273,229,184,259,236,204,264,220,189,269
"NM_001193336",289,303,187,237,247,266,236,272,289,281,262,262,250,257,225,251
"NM_001193414",476,479,311,452,379,397,434,422,413,359,363,360,445,517,355,392
"NM_001195071",753,665,710,805,764,719,689,652,742,837,814,729,675,723,748,798
"NM_001195072",701,678,814,823,699,789,775,792,725,711,842,780,785,804,699,782
"NM_001195226",436,358,475,416,440,379,407,437,470,416,356,393,382,354,308,417
"NM_001196",434,420,429,459,460,443,461,451,2070,1781,2117,1970,2080,1952,1963,2072
"NM_001197",230,159,234,202,153,214,180,188,218,180,165,184,200,199,160,175
"NM_001198721",533,515,543,549,542,556,492,538,509,502,533,480,476,593,464,577
"NM_001198726",277,310,356,319,364,301,311,377,303,237,276,338,321,376,288,330
"NM_001199281",1525,1431,1616,1533,1500,1532,1578,1473,1550,1468,1539,1462,1624,1478,1550,1517
"NM_001199319",836,778,942,804,763,687,674,718,692,806,859,712,836,755,754,872
"NM_001199562",679,582,600,607,562,566,580,609,535,541,628,614,611,603,493,628
"NM_001199579",801,804,807,773,857,873,829,900,863,714,804,835,832,785,740,692
"NM_001199580",813,900,792,747,886,770,787,809,834,783,677,733,912,829,742,823
"NM_001201429",1437,1271,1551,1336,1407,1529,1394,1447,1408,1386,1500,1398,1310,1503,1433,1311
"NM_001202502",372,406,415,416,354,366,403,395,414,383,421,378,407,386,375,463
"NM_001204204",677,769,831,782,832,831,766,691,734,817,770,675,808,833,845,918
"NM_001204240",385,326,343,421,451,418,404,406,367,413,414,364,412,377,350,419
"NM_001204827",241,233,277,315,326,295,297,240,326,273,236,290,259,236,312,253
"NM_001206998",1372,1279,1388,1271,1491,1281,1308,1368,1260,1421,1361,1434,1360,1361,1361,1315
"NM_001207017",632,637,648,626,715,574,613,724,697,607,673,753,664,613,691,674
"NM_001207018",657,763,672,680,691,701,681,666,705,654,697,633,631,672,689,642
"NM_001207020",304,316,249,239,305,238,257,287,323,275,323,256,261,311,261,257
"NM_001207052",255,324,265,276,285,256,199,260,228,247,259,226,308,210,228,284
"NM_001207062",357,357,320,283,327,315,358,305,308,306,333,348,379,386,376,342
"NM_001242313",303,258,294,259,286,209,273,309,246,236,230,259,211,256,267,254
"NM_001242450",632,703,639,726,693,672,729,647,776,635,738,657,696,691,750,716
"NM_001242896",1073,1143,1128,1105,1073,1156,1118,1251,1016,958,1145,1084,1195,1123,1135,1081
"NM_001242897",994,1082,1019,1022,1026,954,1095,1110,930,1086,931,1006,1055,1060,1126,1064
"NM_001242898",870,923,709,781,864,852,808,783,864,857,891,842,818,723,822,845
"NM_001242899",799,733,782,840,844,840,765,808,766,759,708,843,775,736,742,827
"NM_001242900",749,842,788,875,856,799,718,813,759,860,775,806,767,788,830,795
"NM_001242906",561,544,551,435,499,555,497,459,469,552,473,512,512,521,496,527
"NM_001242923",413,392,364,393,422,374,399,363,339,312,442,395,372,280,395,483
"NM_001243225",385,419,495,459,504,447,519,510,473,518,452,475,396,420,532,500
"NM_001243385",353,365,301,306,376,276,300,314,307,339,323,299,287,294,303,296
"NM_001243386",344,301,300,312,254,337,318,328,361,293,257,295,311,298,309,377
"NM_001243537",73,166,92,134,93,156,114,121,131,186,149,112,86,159,98,164
"NM_001244567",404,426,404,509,384,435,424,346,406,420,368,463,481,389,456,429
"NM_001244569",530,442,445,391,321,410,368,316,393,358,430,405,436,369,462,446
"NM_001244570",1145,1188,1226,1179,1152,1083,1208,1112,339,433,411,373,413,379,379,392
"NM_001244572",425,456,378,434,534,418,526,477,463,402,423,424,441,457,502,546
"NM_001253845",767,808,770,785,888,773,768,783,726,772,828,767,884,834,911,918
"NM_001254732",1224,1370,1427,1336,1459,1404,1231,1382,1311,1275,1289,1532,1301,1357,1396,1458
"NM_001254733",841,863,891,944,941,847,858,734,953,802,854,977,941,868,929,819
"NM_001255975",673,650,682,762,584,758,596,597,742,675,642,699,702,612,660,718
"NM_001256296",229,161,149,251,207,174,162,160,790,815,809,832,807,1002,915,870
"NM_001256314",861,865,987,936,971,1003,940,975,1040,1013,1086,948,1039,860,993,886
"NM_001256355",535,600,532,647,606,619,592,558,603,665,551,594,665,603,533,690
"NM_001256356",537,654,560,584,581,583,523,537,520,577,617,621,575,553,688,676
"NM_001256523",750,722,792,797,684,727,778,753,865,832,771,737,792,894,759,891
"NM_001256524",783,734,741,696,704,652,733,758,689,712,784,747,786,709,718,837
"NM_001256525",715,789,778,800,762,659,743,763,710,708,691,637,753,722,736,661
"NM_001256530",216,284,232,203,218,207,200,239,235,210,232,244,186,220,267,206
"NM_001256531",226,206,251,197,210,198,188,218,259,126,192,200,151,194,185,215
"NM_001256534",274,324,297,380,302,420,409,363,277,303,346,390,348,355,274,280
"NM_001257135",854,747,691,700,733,816,862,769,707,789,921,763,816,883,749,765
"NM_001257378",481,460,452,441,467,469,460,421,522,455,399,495,470,486,472,536
"NM_001257379",459,438,395,417,405,345,436,409,2261,2322,2376,2412,2342,2477,2407,2467
"NM_001257382",450,425,552,451,407,428,445,485,530,456,450,418,460,503,447,385
"NM_001257387",425,401,370,370,417,336,442,346,417,415,362,414,366,373,413,420
"NM_001257988",291,354,316,352,363,394,402,309,362,319,327,399,329,320,449,308
"NM_001257989",362,406,342,355,320,390,316,366,357,283,308,354,442,341,361,303
"NM_001257990",353,332,420,315,416,407,304,361,356,352,392,411,347,476,342,394
"NM_001257994",649,620,568,617,592,629,599,559,633,574,638,538,633,606,583,572
"NM_001258325",811,792,923,888,961,867,963,829,795,980,852,866,849,836,844,734
"NM_001258326",825,826,878,870,824,760,752,748,849,866,971,804,838,845,712,775
"NM_001258327",840,734,716,845,901,770,773,766,857,817,764,764,843,762,889,802
"NM_001267895",433,406,381,397,441,503,381,484,402,398,424,426,400,426,382,459
"NM_001270406",286,232,246,267,275,269,268,218,275,299,288,245,292,291,337,329
"NM_001270411",379,355,286,256,311,272,305,326,270,355,318,327,282,336,277,285
"NM_001270483",211,225,219,206,235,180,240,205,223,219,222,203,209,233,230,242
"NM_001270726",928,990,960,1050,1070,917,1016,940,948,902,999,901,1068,1004,971,1107
"NM_001270727",1086,983,923,915,917,1014,1012,945,976,960,820,908,1048,963,832,929
"NM_001270728",1000,967,1038,977,942,996,1002,891,993,982,962,947,905,1127,915,1014
"NM_001270729",1016,1063,979,1091,937,947,976,943,1035,892,947,981,994,930,939,1011
"NM_001270730",2583,2614,2263,2265,2591,2275,2435,2524,1023,980,884,858,1008,1002,939,1048
"NM_001270731",1028,1037,973,941,967,1108,1094,1149,1057,973,985,1011,1053,1098,1039,1098
"NM_001270732",1064,1116,1049,1048,882,1044,940,1065,945,906,1022,969,901,968,952,894
"NM_001270733",804,1022,843,850,962,853,815,852,876,895,802,916,885,952,878,1019
"NM_001270734",1039,977,1002,952,930,951,964,1039,948,989,922,1023,1026,935,924,965
"NM_001270735",973,973,922,939,916,1095,949,1035,965,1089,903,1041,1017,1024,1022,938
"NM_001355",421,352,395,416,396,484,439,365,146,145,118,173,131,173,160,121
"NM_001429",1860,1701,1790,1778,1699,1814,1804,1795,1797,1786,1829,1866,1621,1668,1684,1824
"NM_001469",426,393,418,407,432,482,410,438,454,465,546,490,445,388,422,438
"NM_001670",813,785,925,811,854,874,786,822,830,834,835,818,919,878,800,843
"NM_001675",499,454,391,322,434,373,419,413,412,451,457,350,432,380,366,383
"NM_001696",302,272,334,259,294,303,250,259,302,244,300,303,286,257,256,295
"NM_001835",1023,994,1054,1076,1185,1091,1085,1114,1024,1164,1113,991,1028,924,865,1034
"NM_001886",162,172,146,101,157,213,128,170,154,172,129,171,159,190,172,158
"NM_001887",216,195,213,147,159,179,177,166,224,218,208,160,161,183,178,217
"NM_001894",559,518,474,613,549,577,604,479,579,563,568,531,503,560,569,567
"NM_001953",323,317,344,293,403,283,328,360,349,334,298,322,316,305,372,348
"NM_001996",501,487,450,424,408,474,422,489,477,428,496,498,476,422,450,464
"NM_002073",713,638,681,615,587,655,698,665,721,680,647,549,640,638,640,676
"NM_002133",612,647,670,622,595,689,763,590,272,304,305,326,305,377,308,394
"NM_002305",89,125,131,91,119,90,132,101,127,91,83,140,126,164,86,95
"NM_002309",848,712,880,808,796,728,809,792,819,771,891,666,774,826,780,776
"NM_002405",431,408,454,471,414,469,422,469,363,431,414,472,353,331,436,348
"NM_002409",1067,971,1053,1016,1058,1002,1058,1044,1147,992,933,1074,994,1011,1045,1026
"NM_002415",129,149,128,84,112,93,157,124,76,101,120,120,133,106,109,84
"NM_002430",1497,1236,1629,1487,1603,1492,1539,1588,1592,1553,1375,1552,1535,1423,1703,1420
"NM_002473",1512,1452,1507,1466,1473,1533,1544,1500,1542,1529,1403,1521,1473,1416,1448,1612
"NM_002490",264,238,242,209,236,275,230,245,270,212,219,225,225,246,211,163
"NM_002608",702,689,638,686,591,685,635,636,722,653,709,677,758,646,674,631
"NM_002650",604,585,637,654,620,678,602,604,612,603,569,577,633,652,581,657
"NM_002676",251,247,223,238,319,263,322,254,308,266,246,268,224,243,325,255
"NM_002688",444,414,416,336,457,455,430,425,384,457,416,423,466,379,447,438
"NM_002745",1032,1141,1237,1138,1207,1107,1166,1212,1199,1079,1341,1099,1292,1209,1258,1078
"NM_002751",489,430,459,479,540,446,505,552,468,450,496,441,488,549,504,558
"NM_002854",146,160,122,93,135,129,103,139,82,99,135,97,159,85,117,116
"NM_002872",265,339,341,297,292,260,287,272,267,342,280,313,260,277,316,336
"NM_002882",248,222,262,235,282,207,185,293,1383,1267,1224,1227,1181,1236,1183,1218
"NM_002883",764,803,841,865,707,751,784,710,842,779,724,801,805,738,758,724
"NM_002969",316,418,312,329,301,384,401,319,415,360,378,286,343,408,316,345
"NM_002972",1634,1602,1583,1555,1598,1484,1614,1525,1449,1629,1436,1618,1631,1594,1537,1657
"NM_003073",334,370,381,281,344,359,333,326,322,330,273,346,320,347,421,381
"NM_003216",983,886,934,921,846,873,886,1032,871,858,855,812,923,756,889,823
"NM_003277",349,295,301,350,292,332,363,326,352,383,396,333,372,318,404,319
"NM_003312",185,260,231,210,175,265,259,233,328,243,221,211,231,224,213,230
"NM_003325",908,814,846,825,775,827,905,823,873,741,817,824,866,814,792,724
"NM_003347",557,614,564,521,560,641,527,633,585,701,493,572,508,607,618,604
"NM_003405",311,354,338,361,450,358,366,341,321,358,330,324,361,307,341,351
"NM_003426",918,847,738,818,703,716,745,775,788,835,773,683,833,895,793,781
"NM_003490",622,596,664,588,596,558,606,592,596,622,649,598,489,582,578,656
"NM_003504",422,395,366,432,380,387,409,396,409,453,360,483,404,416,442,418
"NM_003560",689,599,636,677,622,663,585,666,749,676,661,644,640,686,644,691
"NM_003595",446,287,337,399,353,472,480,437,361,359,404,381,327,396,406,355
"NM_003614",210,216,239,231,272,243,216,236,203,225,191,208,282,236,262,243
"NM_003634",414,429,409,480,449,485,468,381,413,418,327,525,487,408,509,444
"NM_003661",654,480,567,654,604,605,602,540,543,564,508,595,611,574,592,593
"NM_003678",522,409,577,505,449,477,487,456,476,391,439,458,512,553,500,477
"NM_003753",429,414,452,449,397,411,496,382,448,397,329,419,395,375,343,450
"NM_003776",137,157,105,188,156,170,95,169,191,158,129,181,185,137,225,174
"NM_003932",699,664,746,642,677,684,570,760,680,815,695,691,683,743,707,706
"NM_003935",720,548,620,633,590,661,635,658,598,610,520,603,657,562,711,622
"NM_004076",118,143,223,194,188,186,163,215,180,187,161,140,155,203,189,216
"NM_004121",454,482,496,546,527,445,482,490,442,432,446,506,484,491,515,480
"NM_004147",950,1056,1025,966,1041,1128,968,1101,367,330,293,324,291,321,305,334
"NM_004173",526,481,423,441,526,455,461,529,470,490,535,452,460,455,489,479
"NM_004175",731,827,731,750,766,679,772,759,714,834,733,679,712,883,707,808
"NM_004286",992,1103,959,954,973,1092,1013,1079,995,1062,1024,1041,1020,1060,954,1071
"NM_004327",3537,3524,3556,3532,3630,3324,3374,3295,1407,1367,1419,1458,1290,1270,1343,1242
"NM_004377",684,637,539,615,557,638,618,610,557,577,635,577,606,605,653,551
"NM_004599",1123,1007,993,1116,998,1156,1045,917,1071,995,950,1072,1151,1058,927,1107
"NM_004711",892,927,823,931,952,906,866,916,871,892,964,935,805,898,931,890
"NM_004737",861,939,827,923,718,944,849,870,847,851,932,894,950,798,810,910
"NM_004782",797,845,781,848,854,872,947,888,876,827,957,926,870,761,764,841
"NM_004810",321,289,271,285,272,280,266,323,306,322,305,285,336,292,306,286
"NM_004861",343,377,349,408,318,334,357,370,344,385,363,438,325,385,268,341
"NM_004900",338,288,346,320,342,306,324,287,282,347,245,376,330,349,315,280
"NM_004914",714,832,776,736,787,688,844,818,812,796,745,740,726,727,797,833
"NM_004981",407,358,399,354,314,343,425,380,373,376,391,396,315,442,440,425
"NM_005008",429,348,320,328,370,303,391,324,339,350,316,345,302,333,317,356
"NM_005036",2094,2036,1915,1940,2131,1976,2008,1929,2012,1880,2078,1889,1904,1917,1901,1967
"NM_005080",394,357,403,415,403,314,364,412,269,371,369,294,350,351,357,349
"NM_005137",980,842,905,910,925,850,926,814,940,866,912,1014,832,887,892,979
"NM_005138",201,172,148,177,201,189,175,214,229,170,196,246,209,166,214,196
"NM_005160",1933,1859,1741,1787,1837,1698,1874,1884,1683,1792,1793,1932,1957,1717,1695,1757
"NM_005198",346,350,279,352,301,345,267,331,289,305,302,369,340,319,276,320
"NM_005207",1072,1045,1159,947,1089,1101,1143,1130,1004,1065,1093,1171,1057,1028,1075,1098
"NM_005243",588,549,658,518,533,575,631,538,481,540,538,470,555,536,552,579
"NM_005265",495,462,533,404,419,484,435,472,565,475,565,491,522,396,410,546
"NM_005297",1429,1416,1554,1490,1481,1437,1667,1434,478,464,507,517,501,510,484,468
"NM_005315",172,141,100,110,122,144,100,107,121,114,105,131,112,128,127,158
"NM_005318",696,664,646,786,659,739,696,700,499,421,398,504,487,454,405,472
"NM_005368",207,242,208,230,200,213,242,230,238,220,220,204,197,296,197,228
"NM_005446",509,582,481,526,509,609,573,518,514,637,573,566,563,543,520,512
"NM_005488",534,475,557,471,401,524,514,456,530,485,493,434,479,509,434,457
"NM_005569",600,704,765,677,752,698,677,758,753,729,758,778,805,748,734,719
"NM_005650",1486,1539,1303,1450,1581,1548,1502,1405,1617,1626,1469,1420,1413,1389,1523,1473
"NM_005659",330,427,297,351,349,370,389,351,351,372,345,372,343,331,328,337
"NM_005675",285,211,290,237,242,234,233,293,186,270,247,331,270,262,267,227
"NM_005740",334,323,305,264,291,351,321,285,319,255,263,282,374,290,290,306
"NM_005877",990,1056,1044,1104,977,979,992,1108,1087,949,1033,1018,977,1064,1004,995
"NM_005940",406,444,475,435,489,445,495,346,421,384,524,440,510,476,433,460
"NM_005984",238,328,368,331,397,282,314,351,262,340,316,323,307,330,401,369
"NM_005992",323,324,331,324,277,309,389,306,281,363,316,303,348,313,304,252
"NM_006071",1416,1624,1475,1599,1595,1549,1548,1536,1529,1580,1428,1541,1429,1458,1567,1534
"NM_006078",922,864,901,884,899,972,908,913,832,921,861,858,869,819,829,829
"NM_006115",1076,1097,1097,1011,1170,1076,1126,1100,398,429,414,461,453,432,386,455
"NM_006116",638,593,584,627,562,601,617,672,654,645,747,539,638,603,682,638
"NM_006358",374,415,455,399,526,442,440,447,445,503,495,512,497,457,419,497
"NM_006386",993,1064,979,908,979,958,945,1071,1053,971,1051,882,924,942,1039,1020
"NM_006440",314,444,369,422,396,382,375,420,1987,2093,2208,2117,1946,2069,1826,2026
"NM_006477",327,320,329,278,334,260,298,285,323,299,271,267,244,292,304,304
"NM_006478",550,460,425,534,450,569,424,448,516,480,489,491,494,544,535,491
"NM_006485",490,541,579,483,588,544,479,496,473,568,508,547,578,526,497,553
"NM_006486",624,588,569,598,484,562,541,557,599,591,683,653,614,694,669,551
"NM_006487",462,505,509,435,430,511,494,451,556,565,487,482,462,554,428,514
"NM_006498",111,141,90,108,102,123,155,117,120,115,109,104,105,99,103,92
"NM_006604",242,256,255,316,268,278,237,214,357,285,224,278,186,214,194,224
"NM_006605",277,311,276,243,254,251,276,258,288,311,254,345,328,369,257,262
"NM_006739",601,548,457,544,537,515,478,467,510,447,534,477,539,567,544,543
"NM_006767",876,843,825,946,944,847,855,913,895,797,826,800,838,894,887,841
"NM_006855",516,523,524,504,547,492,525,546,360,263,418,364,294,328,397,409
"NM_006860",232,177,220,232,207,255,216,202,192,239,210,200,204,194,178,228
"NM_006932",637,632,675,696,571,561,591,534,607,671,635,543,687,598,592,628
"NM_006941",894,743,892,898,843,830,875,870,479,583,537,560,522,561,567,579
"NM_006953",190,221,170,193,189,245,196,234,242,195,217,229,240,219,239,249
"NM_007032",889,926,952,983,1068,949,948,944,854,1027,940,905,976,903,949,962
"NM_007068",385,388,405,474,440,472,387,438,487,416,512,428,468,437,450,477
"NM_007081",461,476,451,416,402,495,459,397,484,395,413,449,475,462,415,425
"NM_007098",1149,1050,1201,1193,1132,968,1202,1193,1159,1121,1097,1068,961,1063,1098,1097
"NM_007128",108,120,159,157,136,160,139,143,109,126,97,196,103,155,156,125
"NM_007172",1034,1016,1145,1136,932,1058,931,1132,993,1002,994,1026,1071,1098,1063,985
"NM_007194",361,356,391,393,403,320,392,383,323,340,304,411,336,387,416,357
"NM_007229",662,608,630,719,656,656,707,604,2993,2795,3059,3010,3107,2760,2833,2936
"NM_007310",412,424,390,405,414,388,414,369,425,468,426,450,424,419,399,369
"NM_007326",697,491,597,627,572,574,572,635,598,547,644,529,651,572,584,582
"NM_012143",517,598,675,599,593,524,626,565,701,537,609,622,570,545,599,490
"NM_012179",426,492,403,446,388,360,437,421,447,401,484,465,416,387,441,505
"NM_012263",308,286,326,305,348,320,341,337,388,285,436,367,394,370,332,359
"NM_012264",765,752,733,861,724,711,696,755,711,694,741,704,706,690,736,681
"NM_012265",354,373,286,387,374,356,314,381,315,318,335,289,419,326,388,384
"NM_012295",1335,1357,1566,1318,1466,1489,1502,1406,1541,1625,1441,1477,1411,1406,1507,1535
"NM_012323",522,480,538,562,563,512,512,462,511,542,581,408,414,450,437,396
"NM_012324",731,721,580,694,664,696,685,651,753,652,727,700,657,743,728,610
"NM_012399",527,536,547,621,572,568,593,504,529,605,633,619,556,603,608,608
"NM_012401",1349,1400,1267,1309,1306,1225,1347,1352,6887,6790,6851,7149,6991,6881,6823,6985
"NM_012407",390,454,461,389,453,458,479,398,503,458,535,522,488,396,464,420
"NM_012429",854,902,1030,815,857,887,913,831,786,952,860,796,831,959,723,921
"NM_012473",260,299,315,232,295,294,324,276,273,295,250,287,275,348,232,226
"NM_013236",632,715,762,712,710,740,718,675,604,664,594,626,685,617,637,663
"NM_013313",881,908,881,923,788,865,815,817,740,886,793,916,839,794,859,872
"NM_013327",305,324,362,363,292,310,300,310,340,347,378,347,366,415,354,329
"NM_013356",346,402,445,359,394,403,362,391,395,316,386,392,441,345,374,376
"NM_013365",963,958,933,918,1024,942,921,1007,512,664,737,651,649,635,636,584
"NM_013373",1075,1083,897,1033,970,1058,1058,915,1088,1019,961,938,1133,1069,957,966
"NM_013378",116,110,182,107,117,89,126,136,87,110,105,129,130,103,120,88
"NM_013385",659,624,622,591,534,633,660,598,568,644,572,769,573,646,581,608
"NM_013387",223,202,186,149,189,117,181,195,174,223,231,193,228,151,196,253
"NM_013416",311,359,375,303,281,291,313,309,341,305,375,407,283,309,305,299
"NM_013430",528,504,480,455,481,498,437,410,542,481,558,553,503,415,460,499
"NM_013986",575,508,457,522,544,599,480,533,563,573,574,617,573,610,521,535
"NM_014227",416,467,366,379,364,405,470,467,388,391,368,419,425,432,425,409
"NM_014246",2483,2352,2324,2379,2312,2288,2278,2230,2339,2148,2249,2110,2361,2194,2362,2224
"NM_014248",163,230,185,189,160,176,171,200,199,212,186,209,171,200,214,208
"NM_014291",274,327,323,303,256,333,290,288,223,266,332,272,254,276,310,277
"NM_014292",555,643,704,670,681,696,627,644,642,675,626,726,682,694,776,661
"NM_014293",1234,1187,1255,1124,1254,1077,1177,1219,4950,4896,4676,4868,4784,4715,4681,4766
"NM_014303",425,417,458,505,480,477,381,444,426,409,373,456,487,488,472,394
"NM_014306",465,464,400,439,496,457,393,453,370,385,353,456,460,379,437,408
"NM_014309",1322,1439,1407,1414,1396,1322,1356,1405,1383,1426,1428,1472,1378,1276,1485,1587
"NM_014310",726,699,586,674,622,600,506,599,592,647,584,632,566,693,658,684
"NM_014323",648,772,663,710,728,813,647,743,3198,3130,2947,3036,3011,3086,2996,3023
"NM_014337",825,843,875,933,796,754,872,825,857,812,871,916,817,802,733,856
"NM_014338",659,565,496,485,496,537,496,439,517,563,546,533,524,478,493,529
"NM_014339",1667,1714,1798,1805,1649,1806,1808,1583,7622,7895,7931,7590,7725,7792,7585,7949
"NM_014346",711,761,795,755,773,849,723,720,757,697,711,628,855,783,792,762
"NM_014351",453,558,432,530,456,481,498,447,511,480,503,449,518,550,499,456
"NM_014406",413,362,408,357,417,472,407,385,356,409,406,429,425,420,406,369
"NM_014433",258,248,226,216,261,240,209,179,222,265,287,275,273,293,254,237
"NM_014460",622,547,524,561,521,444,552,489,489,486,520,470,525,550,477,461
"NM_014507",330,429,389,422,336,369,360,359,342,459,359,390,316,425,351,375
"NM_014508",181,242,164,215,242,237,246,177,218,197,226,226,186,270,253,234
"NM_014509",326,258,298,299,252,254,225,296,238,266,250,275,213,328,257,288
"NM_014550",824,817,731,730,715,799,840,832,815,846,711,839,727,885,764,785
"NM_014551",285,263,316,222,235,254,297,315,284,286,230,231,250,290,276,253
"NM_014570",1451,1466,1498,1431,1439,1381,1523,1334,579,596,540,541,502,552,602,552
"NM_014577",1023,983,851,1003,882,964,922,796,896,942,758,919,951,893,896,950
"NM_014634",1012,1039,916,990,991,962,1179,959,984,1039,1064,955,942,1103,908,1048
"NM_014662",1115,1296,1131,1221,1276,1057,1077,1221,983,1094,1000,1134,1118,1204,1126,1007
"NM_014678",788,770,831,865,797,770,817,824,809,794,792,767,821,730,869,834
"NM_014775",756,784,825,929,830,741,920,874,848,870,904,764,764,906,824,886
"NM_014838",1360,1376,1337,1319,1348,1265,1451,1327,1350,1313,1421,1209,1401,1348,1396,1255
"NM_014876",765,784,697,735,633,701,782,689,641,746,724,673,618,659,644,708
"NM_014941",832,885,948,916,841,931,900,888,904,1003,917,844,894,899,897,841
"NM_015088",12767,12571,12626,12659,12795,12484,12640,12978,14694,13827,14211,14444,14430,14350,14397,14366
"NM_015094",2595,2659,2708,2844,2569,2617,2728,2591,1355,1497,1304,1388,1400,1521,1334,1447
"NM_015124",778,817,878,819,910,935,848,793,899,853,884,872,808,872,811,933
"NM_015140",705,619,710,603,627,734,641,748,530,595,641,636,751,631,643,686
"NM_015166",739,751,760,773,755,847,724,788,791,831,696,762,831,738,751,703
"NM_015241",2141,1829,1845,1986,1830,1905,1857,1726,2026,1939,1948,1922,1938,1812,2018,1902
"NM_015264",1372,1278,1115,1294,1135,1367,1248,1303,1229,1245,1227,1298,1265,1297,1336,1356
"NM_015330",1389,1369,1352,1217,1308,1262,1279,1417,1331,1376,1417,1407,1255,1353,1349,1378
"NM_015366",407,385,420,361,438,447,409,385,436,444,367,349,422,326,491,443
"NM_015367",1040,1100,996,1039,1056,1253,881,1059,1085,968,1024,1070,931,1039,995,1116
"NM_015370",267,234,214,197,170,206,210,208,233,231,195,240,251,234,205,163
"NM_015372",298,267,248,222,257,275,258,249,1424,1287,1368,1334,1191,1333,1247,1360
"NM_015373",274,207,219,264,231,216,203,215,227,291,227,220,233,248,181,230
"NM_015374",676,820,837,805,776,738,795,733,736,741,824,839,820,807,823,893
"NM_015380",283,382,370,384,276,327,389,363,352,396,376,356,392,414,376,412
"NM_015381",1007,1047,935,1077,1068,1043,1091,1053,523,586,482,552,528,438,481,511
"NM_015653",302,297,245,251,297,255,208,310,238,265,268,218,279,285,265,285
"NM_015672",1228,1084,1139,1146,1116,1311,1290,1088,1117,1116,1024,1162,1025,1119,1168,1115
"NM_015703",1157,1105,1209,1013,1217,1033,1268,1128,1086,1053,1142,1150,1083,1093,1187,1073
"NM_015704",695,771,748,727,704,702,731,767,698,705,781,710,662,788,773,747
"NM_015705",606,478,597,623,561,548,609,584,572,559,540,563,592,650,496,579
"NM_015715",577,544,581,661,565,495,516,468,590,542,521,469,511,502,546,499
"NM_015889",1554,1725,1561,1608,1477,1589,1700,1673,611,678,489,743,740,716,676,641
"NM_016091",384,471,428,379,430,435,415,374,409,408,365,427,384,411,470,392
"NM_016272",897,936,929,872,892,916,945,859,888,897,858,911,1048,965,898,987
"NM_016327",508,408,464,481,440,430,465,438,391,483,399,377,435,392,430,437
"NM_016335",487,517,461,398,430,439,518,531,454,425,499,507,503,499,497,458
"NM_016418",1063,1191,1113,1366,1274,1093,1405,1171,1161,1290,1255,1173,1181,1138,1182,1291
"NM_016426",642,551,635,578,594,661,632,610,615,601,661,671,658,580,565,577
"NM_016431",595,637,648,539,705,587,597,637,644,709,673,608,609,615,668,707
"NM_016449",201,264,275,317,267,293,308,245,258,244,260,270,278,254,255,279
"NM_016498",293,216,267,213,295,232,259,291,298,267,253,283,243,277,263,261
"NM_016657",230,243,193,197,193,189,159,232,197,184,148,167,202,171,212,194
"NM_016733",734,764,768,796,797,772,740,769,850,752,791,789,788,757,794,755
"NM_017414",315,436,448,418,400,438,468,430,418,363,383,457,478,312,395,366
"NM_017424",780,659,832,680,790,760,679,699,790,814,761,797,805,777,776,698
"NM_017436",411,393,451,435,475,445,438,393,454,389,446,398,426,415,435,428
"NM_017584",274,320,308,273,279,331,292,288,305,300,260,327,287,272,267,282
"NM_017590",1104,1116,1170,1163,1111,1096,1226,1187,1174,1106,1197,1140,1210,1246,1101,1199
"NM_017829",383,304,313,328,407,347,297,328,376,326,380,355,344,391,305,345
"NM_017911",580,563,606,613,603,684,509,554,543,515,549,566,570,609,581,671
"NM_017929",805,829,855,782,780,798,865,768,870,968,773,880,827,830,845,899
"NM_017931",504,463,441,490,553,566,580,549,580,547,535,532,428,427,475,484
"NM_018006",379,351,372,312,421,361,402,368,394,496,377,394,421,384,418,511
"NM_018280",399,367,319,347,418,328,337,355,360,351,320,396,396,420,324,374
"NM_018943",459,401,362,430,383,458,457,397,350,436,414,417,408,410,415,446
"NM_018957",523,555,483,579,587,554,504,496,521,608,491,492,524,512,548,579
"NM_018995",815,824,721,831,824,760,787,742,838,714,741,783,678,791,804,744
"NM_019008",1137,1209,1177,1034,1094,1227,1151,1178,1091,1080,1237,1164,1095,1176,1129,1126
"NM_019103",194,241,221,168,202,238,228,182,208,232,195,174,224,171,174,197
"NM_019106",3339,3487,3122,3457,3244,3139,3429,3318,779,943,950,907,881,883,859,1030
"NM_019601",592,674,691,623,645,644,667,643,667,560,700,655,619,653,650,725
"NM_019843",800,726,712,652,764,779,724,855,676,706,752,686,755,766,780,776
"NM_020070",186,152,153,153,203,169,213,208,175,166,189,209,198,228,149,193
"NM_020243",273,305,249,287,291,267,195,398,257,307,333,252,313,291,275,269
"NM_020315",469,410,469,557,365,428,362,442,478,452,450,410,382,382,378,417
"NM_020437",652,679,610,680,690,635,655,676,694,673,724,618,727,744,613,621
"NM_020461",1262,1264,1129,1164,1315,1077,1231,1223,1143,1120,1235,1015,1052,1248,1282,1152
"NM_020530",390,378,425,445,358,375,370,332,379,387,348,421,405,362,401,317
"NM_020831",909,784,900,810,1052,960,814,821,833,989,886,931,970,906,863,890
"NM_021026",289,284,286,312,266,209,291,264,352,323,289,272,324,330,274,277
"NM_021076",735,699,759,682,675,731,791,756,688,716,733,813,868,666,782,677
"NM_021090",1815,1783,1855,1670,1898,1796,1830,1866,1983,1767,1717,1946,1742,1698,1776,1704
"NM_021096",1929,1891,2013,1964,1959,1863,2031,1986,2115,2150,1930,1907,1966,1927,1950,2022
"NM_021115",4595,4515,4545,4662,4616,4550,4686,4572,1297,1172,1298,1369,1230,1328,1298,1275
"NM_021126",240,270,245,317,280,264,230,266,278,221,323,280,273,240,262,270
"NM_021574",1341,1470,1329,1266,1371,1347,1489,1345,1243,1392,1394,1412,1343,1298,1305,1354
"NM_021822",336,406,331,390,370,315,364,409,412,387,391,279,388,373,430,373
"NM_021916",789,742,859,801,791,769,717,854,706,708,792,783,761,815,755,830
"NM_021974",421,373,446,407,492,476,343,463,412,410,474,547,440,470,394,383
"NM_022044",221,160,162,218,156,149,183,192,187,180,169,190,166,250,129,182
"NM_022081",982,1058,1033,1106,1005,1027,1070,976,1190,1114,1004,971,927,1019,1016,980
"NM_022098",1696,1571,1772,1525,1622,1711,1651,1597,1656,1604,1621,1592,1584,1696,1693,1589
"NM_022141",701,703,649,674,692,643,727,688,642,785,702,710,714,845,690,688
"NM_022719",1108,1233,1022,1099,1052,1127,978,1119,1050,1061,1129,1025,1023,1039,937,1218
"NM_022720",873,1062,827,916,772,917,860,887,876,920,892,900,895,909,926,953
"NM_022727",633,589,608,594,614,620,617,605,605,561,507,549,694,598,569,623
"NM_022766",903,922,756,903,974,884,905,901,775,989,893,919,831,876,960,901
"NM_022785",877,1059,1003,1017,993,899,855,1061,939,1005,992,1033,908,1000,929,867
"NM_023004",388,379,430,373,407,384,309,386,369,383,412,328,377,338,453,455
"NM_024053",219,204,220,191,210,149,190,208,190,238,179,162,182,243,227,187
"NM_024105",518,457,468,490,477,508,490,501,462,443,510,529,454,484,508,470
"NM_024313",2023,2039,1971,1919,2148,2031,1946,1989,560,621,591,615,545,497,624,550
"NM_024324",267,252,329,275,267,291,267,279,285,342,305,268,345,216,272,287
"NM_024627",1430,1324,1416,1389,1279,1411,1254,1386,1486,1395,1368,1250,1259,1393,1253,1354
"NM_024681",301,370,321,370,407,362,330,387,318,380,347,361,278,319,320,324
"NM_024821",220,274,314,242,317,228,188,243,306,233,324,250,208,329,282,218
"NM_024866",867,916,852,826,890,826,744,700,821,835,924,853,802,876,809,771
"NM_024955",951,1104,1076,907,997,998,1013,1032,1129,981,1068,1018,1044,916,1038,1015
"NM_025045",1514,1508,1461,1565,1434,1445,1613,1692,441,397,448,428,408,412,405,368
"NM_025204",475,415,456,482,408,552,461,424,443,490,433,397,446,495,437,508
"NM_025225",519,568,472,580,595,582,506,579,572,513,533,500,584,543,639,641
"NM_030573",236,248,245,294,276,240,261,316,321,257,237,237,240,304,367,235
"NM_030641",1970,2169,2160,2249,1957,1954,2080,2067,1836,1922,2015,2090,2058,1940,2072,2025
"NM_030642",222,249,271,289,266,248,278,292,262,291,241,320,267,293,271,276
"NM_030643",799,671,593,715,770,684,672,727,734,736,641,677,639,753,633,696
"NM_030758",809,833,953,858,887,808,896,871,879,951,882,963,842,890,842,894
"NM_030807",1500,1430,1373,1462,1372,1472,1317,1486,511,467,513,608,478,436,473,468
"NM_030882",495,529,526,486,570,586,425,461,492,567,531,476,544,584,531,517
"NM_031413",1137,1048,1151,1240,1165,1203,1167,1173,1025,1157,1080,1157,1042,1261,1207,1256
"NM_031444",1424,1573,1277,1422,1490,1498,1485,1661,692,615,717,748,708,733,764,780
"NM_031454",497,440,423,495,402,513,467,423,2681,2623,2528,2697,2572,2566,2325,2605
"NM_031481",394,457,403,448,460,438,420,428,373,449,337,400,367,352,392,418
"NM_031488",684,592,654,610,684,699,666,707,538,662,665,711,693,624,678,535
"NM_031890",990,1026,1027,959,995,1076,1040,1039,963,929,1051,1125,1031,968,1031,1126
"NM_031910",620,586,694,684,559,560,531,621,574,628,595,512,521,620,522,609
"NM_031937",379,365,528,392,339,388,357,345,378,371,351,445,334,366,387,392
"NM_032019",498,487,532,492,587,513,561,617,502,567,538,570,574,587,487,539
"NM_032045",583,534,563,520,563,604,652,634,579,567,572,581,561,556,539,548
"NM_032050",737,779,638,731,790,710,800,702,2891,2955,2873,3043,2938,3034,2812,2950
"NM_032051",640,586,592,567,654,685,609,675,3006,3083,3090,3044,3054,3157,3022,3102
"NM_032052",798,773,773,710,779,844,797,829,747,742,726,725,763,772,718,785
"NM_032173",1283,1292,1279,1180,1318,1323,1181,1287,1374,1259,1273,1222,1343,1210,1433,1370
"NM_032204",580,671,539,537,631,651,628,514,587,654,574,579,476,591,626,506
"NM_032287",1041,1087,1107,1088,1003,1190,1118,1027,1131,1152,1117,1028,1053,1219,1168,1014
"NM_032311",641,612,792,697,693,829,708,600,737,756,648,734,793,678,707,656
"NM_032561",416,400,408,380,400,397,411,438,403,427,410,416,429,389,399,359
"NM_032608",1731,1605,1718,1659,1557,1798,1852,1718,1728,1803,1667,1751,1787,1741,1597,1693
"NM_032758",198,205,251,183,214,220,251,224,278,218,231,248,233,230,206,217
"NM_032775",496,533,566,539,525,516,515,508,643,523,516,573,604,491,502,502
"NM_033016",386,415,487,437,487,450,457,421,409,502,448,415,479,478,434,531
"NM_033070",371,315,372,391,311,341,390,440,355,316,399,361,353,351,362,388
"NM_033200",1687,1507,1551,1438,1510,1661,1649,1575,497,509,521,554,566,579,642,638
"NM_033257",246,243,245,247,247,276,242,228,235,267,241,259,307,264,234,224
"NM_033318",299,266,321,337,304,270,295,277,262,352,363,279,287,325,399,283
"NM_033382",335,446,395,329,421,428,365,396,360,418,482,289,337,454,352,398
"NM_033386",898,1025,857,871,928,864,853,852,942,802,886,944,1044,862,834,865
"NM_033517",1419,1454,1431,1456,1328,1478,1428,1421,1457,1493,1583,1519,1379,1429,1296,1476
"NM_052839",692,679,566,573,620,700,638,586,669,572,617,560,742,629,679,596
"NM_052880",504,502,468,520,482,519,514,534,465,525,458,558,517,531,509,416
"NM_052906",1789,1640,1667,1754,1616,1596,1658,1716,1773,1450,1613,1642,1687,1765,1733,1661
"NM_052945",227,155,194,128,223,118,211,196,190,161,184,226,199,212,163,195
"NM_053004",301,262,320,271,296,334,240,350,360,334,320,288,327,288,342,314
"NM_053006",292,293,345,381,379,349,375,333,348,363,331,366,351,372,368,334
"NM_058004",1233,1455,1246,1349,1340,1363,1352,1356,1395,1418,1344,1343,1455,1320,1449,1340
"NM_058238",784,842,751,764,818,797,682,707,854,758,767,891,795,873,790,790
"NM_080430",151,153,179,170,158,162,151,183,146,143,131,158,108,163,154,147
"NM_080646",304,346,335,279,339,334,303,386,269,270,309,248,314,348,255,262
"NM_080647",476,417,422,401,482,443,440,453,388,414,438,401,418,349,415,444
"NM_080740",438,446,405,444,361,460,364,379,479,356,403,420,420,408,427,468
"NM_080764",1147,1089,1094,1257,1118,1181,1061,1277,989,1153,1269,1227,1054,1254,1146,1234
"NM_133454",4172,4026,4023,4102,4277,4195,4135,4460,1119,1168,1197,1241,1206,1269,1295,1150
"NM_133455",440,396,389,399,373,442,438,401,374,474,416,404,481,422,408,418
"NM_133633",565,563,465,573,565,565,532,627,514,508,606,567,594,677,482,571
"NM_133642",822,851,875,757,790,750,796,891,4080,3990,4081,4317,3934,4134,3964,4196
"NM_134269",606,626,670,617,696,675,671,573,667,708,693,665,720,658,518,743
"NM_134270",682,592,694,673,679,683,656,585,692,699,762,759,716,729,709,710
"NM_138338",786,782,817,784,761,896,751,902,886,946,791,925,887,834,844,736
"NM_138415",701,678,756,605,685,664,627,864,733,753,686,722,641,672,844,723
"NM_138433",598,650,584,667,557,561,590,609,671,467,640,639,618,709,658,509
"NM_138435",418,427,439,400,362,412,446,355,2070,2225,2034,2135,2166,2018,2140,2098
"NM_138481",530,477,486,425,497,476,446,592,507,664,492,512,467,519,633,514
"NM_138632",316,298,402,323,337,323,344,387,375,355,332,432,335,342,351,377
"NM_138797",422,490,426,456,351,392,358,390,398,454,371,502,408,411,434,404
"NM_138814",488,467,603,524,451,504,509,484,591,545,474,434,518,502,513,533
"NM_138957",274,243,287,362,297,315,255,271,295,254,252,290,366,245,292,241
"NM_139202",748,701,829,740,708,726,761,764,655,804,755,772,701,706,705,704
"NM_144704",503,447,436,539,486,453,472,484,1850,1868,1874,1979,1886,1894,1922,1795
"NM_145174",563,466,489,576,506,492,502,544,535,611,513,552,549,421,544,441
"NM_145298",1913,1887,1741,1830,1863,1978,1888,1991,900,903,987,940,1046,944,938,979
"NM_145343",622,599,522,640,598,585,526,621,608,533,600,616,583,643,558,590
"NM_145637",517,602,657,499,561,562,593,590,572,597,515,540,565,506,499,476
"NM_145640",452,429,470,403,408,451,419,399,497,437,476,457,429,427,413,386
"NM_145641",670,755,693,815,721,709,689,713,763,773,812,843,611,702,749,779
"NM_145642",667,686,719,707,797,706,811,801,778,730,884,765,752,701,661,781
"NM_145660",650,608,675,575,594,656,652,646,702,616,680,616,621,652,652,743
"NM_145699",294,277,318,312,312,310,297,231,278,312,291,273,257,269,275,274
"NM_145730",903,741,794,869,863,790,767,842,748,859,812,818,806,986,853,789
"NM_145731",282,303,216,238,302,249,272,241,891,1073,920,1092,1119,1155,1121,1114
"NM_145733",512,565,468,431,542,460,574,464,530,454,525,544,410,544,405,485
"NM_145738",254,256,269,229,248,309,275,214,235,259,235,249,225,314,261,310
"NM_145862",387,262,338,387,297,327,345,285,323,344,322,373,389,383,439,364
"NM_145912",2698,2966,2845,2754,2827,2768,2759,2637,1128,1195,1100,1037,887,1117,1063,1085
"NM_148175",702,673,586,684,553,590,558,698,533,565,607,528,618,530,517,554
"NM_148176",525,513,562,573,550,544,605,521,597,455,543,546,578,514,534,553
"NM_148674",841,795,786,879,788,831,929,825,918,896,810,830,844,802,897,939
"NM_152221",517,594,600,574,636,480,595,569,2465,2534,2399,2654,2454,2374,2438,2488
"NM_152236",483,511,510,464,565,459,493,487,539,534,589,536,449,538,649,505
"NM_152243",466,447,513,350,475,388,427,481,474,515,524,462,416,377,474,450
"NM_152245",560,523,676,629,557,615,590,601,582,528,623,546,573,536,545,649
"NM_152246",504,540,487,504,521,544,461,538,2280,2440,2563,2470,2243,2292,2378,2383
"NM_152267",659,621,610,625,713,566,674,625,2575,2503,2680,2705,2470,2523,2414,2602
"NM_152299",641,665,613,625,678,695,596,663,665,669,695,754,724,600,737,737
"NM_152426",555,498,538,575,495,494,500,470,583,503,532,480,509,555,573,496
"NM_152510",345,438,386,442,413,402,399,376,338,396,374,369,375,294,423,400
"NM_152511",585,406,561,476,525,517,541,514,462,567,462,437,404,509,496,502
"NM_152512",583,606,582,584,503,542,585,593,575,557,533,588,590,561,481,560
"NM_152513",828,806,779,792,709,804,865,764,844,699,789,743,787,797,866,793
"NM_152612",429,486,451,464,501,526,414,453,437,471,450,466,459,451,524,449
"NM_152613",469,428,477,533,411,506,457,426,511,439,532,516,358,588,504,509
"NM_152841",861,939,979,1000,1025,866,913,897,890,892,1031,938,954,1021,1062,900
"NM_152855",147,187,168,158,207,128,139,136,128,186,131,151,224,130,151,141
"NM_152868",477,437,417,424,387,401,410,410,412,404,489,388,385,386,462,398
"NM_152906",582,424,534,513,468,468,415,357,445,453,438,524,471,481,417,434
"NM_153050",1849,1993,1690,1808,1761,1729,1763,1622,1820,1654,1774,1780,1747,1781,1712,1757
"NM_153051",1899,1768,1564,1723,1859,1692,1749,1830,1854,1730,1676,1693,1676,1714,1791,1978
"NM_153334",626,738,665,770,759,748,783,681,678,683,618,667,671,720,762,664
"NM_153497",345,388,384,450,392,396,416,339,403,428,348,474,463,425,430,409
"NM_153609",2395,2147,2114,2180,2131,2268,2474,2335,656,661,524,695,554,638,627,673
"NM_153615",569,650,608,571,553,536,541,578,654,552,631,653,534,580,512,525
"NM_153645",1060,978,1084,889,958,886,981,1068,1105,914,1114,968,828,1007,1006,946
"NM_172002",197,268,219,223,225,226,177,211,183,268,238,248,221,261,164,185
"NM_173050",836,878,741,720,706,801,884,758,780,746,862,714,831,917,827,845
"NM_173467",406,462,502,448,507,372,457,484,425,447,427,480,361,375,435,443
"NM_173510",722,779,871,913,646,850,801,762,4105,4322,4339,4014,4094,4053,4159,3834
"NM_173566",6486,6513,6215,6369,6359,6457,6213,6391,2228,2185,2126,2155,2046,2280,2103,2160
"NM_173793",347,444,387,457,382,384,340,423,435,396,481,373,458,297,387,366
"NM_174932",411,426,363,452,376,371,344,375,395,438,393,359,453,348,371,426
"NM_174975",402,436,384,388,428,356,407,426,330,498,391,386,433,431,444,461
"NM_174977",483,428,517,473,495,556,493,404,494,566,532,483,542,500,543,498
"NM_175709",759,712,731,852,790,778,852,926,782,820,834,807,792,891,773,854
"NM_175878",371,317,311,286,329,356,300,319,342,360,320,279,289,367,309,388
"NM_177405",611,632,532,642,593,672,664,768,664,629,626,597,617,511,598,615
"NM_178136",695,616,712,657,613,650,677,712,2969,3113,3008,2911,2824,3077,3016,3020
"NM_178552",180,156,187,158,271,165,211,261,193,151,179,238,230,219,160,203
"NM_181333",361,349,356,356,340,338,376,431,382,322,441,377,358,403,366,384
"NM_181334",387,324,379,384,400,392,375,405,399,294,316,430,353,322,340,420
"NM_181335",322,327,325,312,306,340,303,335,342,299,320,395,296,318,286,268
"NM_181492",1395,1495,1454,1464,1530,1359,1435,1486,1406,1355,1416,1475,1599,1343,1574,1408
"NM_181773",271,257,219,191,283,189,238,228,257,198,188,218,265,221,188,194
"NM_181825",591,611,662,588,633,637,654,562,711,637,736,588,521,595,658,601
"NM_181828",1227,1152,1090,1287,1226,1188,1223,1218,1228,1202,1145,1177,1182,1155,1214,1101
"NM_181829",1164,1248,1285,1109,1246,1146,1184,1232,1118,1326,1276,1123,1177,1243,1155,1267
"NM_181830",1234,1172,1076,1218,1151,1166,1097,1389,1108,1116,1288,1120,1170,1183,1117,1218
"NM_181831",430,385,519,437,503,416,519,394,436,502,425,395,502,395,463,380
"NM_181832",1370,1159,1433,1231,1194,1178,1107,1201,1301,1241,1333,1356,1125,1309,1181,1224
"NM_181833",898,1000,911,1022,1078,955,916,912,977,964,941,1022,850,966,941,1028
"NM_182486",392,364,293,299,345,404,395,333,285,310,355,251,378,338,303,368
"NM_182492",715,739,697,700,726,707,647,685,779,713,730,716,745,589,789,765
"NM_182520",202,200,183,163,185,167,249,154,146,206,196,203,148,139,165,215
"NM_182527",627,617,495,629,626,583,615,548,655,567,660,591,608,568,558,646
"NM_182810",340,295,260,344,237,313,262,241,317,280,259,236,302,326,264,250
"NM_182895",704,655,685,602,672,714,652,681,578,763,751,737,778,717,680,623
"NM_182984",679,552,661,574,606,515,567,657,548,565,524,516,569,634,557,562
"NM_194326",204,170,220,181,177,169,206,267,199,161,160,167,151,206,167,196
"NM_197966",467,512,503,489,500,449,561,431,544,506,476,518,409,484,463,511
"NM_197967",420,411,422,510,472,469,426,429,434,421,421,392,384,448,418,466
"NM_198440",745,624,613,654,525,578,581,595,639,591,599,695,656,639,601,666
"NM_198856",960,1001,842,859,939,903,984,1013,916,972,895,939,957,918,884,860
"NM_199127",197,175,159,151,142,196,186,169,185,195,134,210,158,161,169,145
"NM_203377",231,239,225,268,200,285,154,280,254,261,241,259,202,217,254,224
"NM_203378",207,306,237,264,201,255,234,259,270,209,207,218,250,221,208,189
"NM_206953",557,468,554,576,592,460,579,586,457,615,589,574,604,513,521,603
"NM_206954",384,463,335,469,423,412,449,458,521,412,402,430,396,494,353,442
"NM_206955",409,454,473,532,450,471,417,502,462,464,457,418,414,403,425,378
"NM_206956",351,504,438,442,432,463,478,466,510,406,440,426,377,408,316,396
"NM_207327",295,323,359,291,306,319,263,342,232,264,259,287,354,287,321,370
"NM_207644",242,290,286,246,270,281,281,282,239,223,270,277,333,288,266,264
"NM_213720",166,191,164,165,194,141,124,142,156,130,156,143,194,149,171,174
"NR_000026",5,11,7,3,8,7,3,7,18,9,13,22,18,13,10,8
"NR_000027",17,19,22,18,24,18,20,25,16,20,7,29,19,20,22,13
"NR_000028",16,5,26,17,17,19,11,7,12,19,29,10,20,17,17,12
"NR_001283",719,827,745,797,805,626,825,689,347,302,233,284,319,284,308,290
"NR_001450",560,514,561,581,653,663,524,498,228,244,213,190,207,237,237,297
"NR_001580",82,102,125,84,85,64,88,79,85,87,106,65,147,94,96,95
"NR_001591",283,297,261,287,280,283,324,327,293,333,353,285,351,329,289,295
"NR_002184",402,475,459,441,492,447,549,450,499,401,408,465,424,507,508,490
"NR_002323",1455,1422,1357,1520,1383,1495,1443,1378,1258,1272,1467,1358,1365,1427,1325,1319
"NR_002439",9,12,16,15,10,18,10,8,6,8,4,10,17,12,11,12
"NR_002570",329,352,271,294,289,227,328,384,316,318,339,379,407,330,285,309
"NR_002596",539,583,489,505,518,565,516,634,241,273,252,248,251,291,237,278
"NR_002727",1101,1141,986,1063,1018,1123,1015,1016,1059,1062,989,1034,1034,938,1011,964
"NR_002733",674,662,700,671,590,624,729,612,661,704,686,741,679,650,662,607
"NR_002821",101,115,135,102,111,107,122,90,98,71,80,85,129,124,107,120
"NR_002829",33,14,28,28,9,27,19,35,161,124,115,121,148,150,135,169
"NR_003081",150,144,165,150,115,161,139,151,131,193,143,117,194,135,153,130
"NR_003082",394,437,494,500,366,398,402,390,420,393,370,413,374,372,473,366
"NR_003267",372,398,429,401,439,498,448,402,2174,2090,2235,2091,2171,1978,1976,2017
"NR_003491",2011,2088,2134,2018,2069,1985,2056,2085,2023,2130,2043,2063,1940,2052,2082,1935
"NR_003563",426,465,446,493,555,488,501,466,443,445,433,567,486,478,527,457
"NR_003607",408,369,438,440,449,385,441,349,270,296,275,246,263,252,279,239
"NR_003608",384,404,327,366,443,343,425,328,441,398,364,400,368,384,342,393
"NR_003686",20,18,11,16,10,12,18,25,10,48,7,4,8,30,24,27
"NR_003700",438,452,504,467,416,418,465,537,528,383,496,392,394,434,360,430
"NR_003714",1066,998,1051,1143,994,1107,1012,1045,1153,1058,1096,1114,1030,1020,949,1005
"NR_003950",1790,1785,1852,1878,1786,1666,1719,1648,512,554,544,464,512,513,419,536
"NR_015352",591,501,651,530,618,561,510,488,522,510,577,520,497,549,555,503
"NR_021492",153,104,102,131,142,118,112,135,121,150,130,146,125,92,150,128
"NR_024009",325,364,301,361,264,320,386,291,263,328,328,384,318,281,314,294
"NR_024157",445,444,468,451,425,491,461,438,406,445,389,432,385,421,402,428
"NR_024159",474,470,408,411,523,497,405,464,1953,1708,1954,2131,1945,1889,1910,2042
"NR_024194",532,523,495,443,462,435,520,454,519,456,450,472,572,498,460,494
"NR_024195",494,524,451,479,427,529,465,482,464,434,476,499,400,460,462,482
"NR_024209",701,645,641,699,688,744,630,631,684,697,615,629,671,601,541,595
"NR_024210",667,767,644,759,680,759,674,668,573,743,565,787,692,672,651,743
"NR_024211",583,620,637,574,650,631,602,576,560,645,564,618,615,660,713,641
"NR_024212",595,596,660,576,672,625,724,635,537,668,582,550,534,550,618,624
"NR_024355",273,296,273,320,294,344,308,324,293,310,291,276,326,307,257,309
"NR_024381",107,143,132,139,134,148,133,145,162,158,136,119,152,102,140,166
"NR_024417",476,444,433,498,556,463,491,497,443,462,528,478,496,515,469,466
"NR_024448",657,707,758,670,611,690,696,709,685,666,695,622,680,690,801,671
"NR_024482",102,61,66,64,60,78,81,61,97,61,59,58,83,62,55,64
"NR_024483",102,104,120,118,92,112,92,103,164,141,120,108,146,126,114,124
"NR_024494",259,300,275,306,263,325,291,284,268,326,281,243,309,291,245,284
"NR_024583",1527,1575,1535,1639,1589,1541,1516,1570,1488,1559,1422,1647,1495,1495,1299,1491
"NR_024591",812,830,879,874,907,833,792,783,838,763,887,805,787,713,802,803
"NR_024592",414,366,451,467,416,457,483,358,436,517,445,392,431,402,450,466
"NR_024593",1921,1857,1871,2017,1834,2074,1938,1816,1886,1928,1883,1975,1816,2068,1961,2065
"NR_026651",164,212,187,166,212,233,212,185,207,227,196,217,190,190,197,177
"NR_026815",398,351,357,477,393,373,348,395,450,374,387,383,470,390,405,416
"NR_026919",427,426,409,484,434,452,443,390,468,445,479,390,434,457,435,409
"NR_026920",487,360,402,394,420,390,401,468,391,418,400,421,468,409,498,481
"NR_026962",200,228,202,170,190,218,172,158,222,206,214,175,136,178,185,212
"NR_026963",1061,1026,936,1104,1006,990,932,1078,1006,1099,947,927,932,998,1131,1012
"NR_026981",339,268,230,288,276,309,406,313,299,280,306,308,379,282,271,253
"NR_026982",456,446,409,444,354,352,386,465,250,301,328,325,282,258,239,245
"NR_026993",583,432,472,422,563,483,561,596,448,520,469,471,469,493,478,467
"NR_026997",456,438,527,518,541,470,558,578,592,458,521,499,464,491,496,453
"NR_027006",1031,1005,1052,957,840,956,927,1022,1052,1044,1066,996,1056,1151,1092,1061
"NR_027033",2344,2343,2155,2397,2369,2315,2372,2302,1002,1053,905,1025,1046,870,923,917
"NR_027034",349,329,290,340,268,410,362,395,324,293,292,368,389,336,339,288
"NR_027036",389,287,367,351,333,294,262,354,311,301,325,309,259,308,333,334
"NR_027051",510,549,479,462,485,521,510,569,548,514,569,543,490,399,532,608
"NR_027052",269,250,263,208,262,253,275,278,227,299,238,263,276,282,218,237
"NR_027240",805,793,918,842,854,922,777,724,730,854,856,883,787,786,838,894
"NR_027293",428,330,462,454,365,403,376,341,417,548,352,396,375,396,374,354
"NR_027426",628,677,668,659,626,620,585,617,688,608,643,614,547,590,678,713
"NR_027464",416,448,489,471,457,538,463,481,471,526,464,459,439,489,451,503
"NR_027691",616,569,663,601,576,584,598,622,605,615,610,579,664,670,663,551
"NR_027779",348,292,427,377,445,320,349,385,370,344,403,322,343,343,391,378
"NR_027780",3030,2971,3047,3028,3140,2914,2992,2956,833,819,855,855,882,793,820,936
"NR_027786",311,237,340,278,255,244,222,322,274,263,313,308,301,239,268,250
"NR_027833",482,454,555,486,480,541,564,478,473,487,511,560,519,463,565,432
"NR_027834",497,439,501,486,494,557,454,451,448,490,407,450,477,445,465,436
"NR_027835",482,486,377,399,436,396,489,367,429,517,450,462,466,435,414,437
"NR_027928",892,798,786,909,948,966,839,961,761,809,827,1008,808,933,790,988
"NR_028409",155,184,141,161,175,128,189,131,150,186,122,123,147,130,150,107
"NR_028410",146,142,137,111,99,105,159,165,137,203,103,201,130,122,155,156
"NR_028411",159,142,147,86,150,146,99,165,160,189,114,191,132,124,160,141
"NR_028436",692,686,658,703,562,514,664,598,715,569,546,556,653,709,620,672
"NR_028483",848,643,653,714,688,630,697,797,405,337,341,336,335,349,304,374
"NR_028484",488,461,519,485,594,547,454,462,515,496,492,462,508,463,466,529
"NR_029395",112,108,145,140,108,150,117,114,124,129,150,143,151,119,176,150
"NR_029413",446,359,402,348,468,348,374,471,436,412,388,399,426,440,477,394
"NR_029422",33,15,44,61,35,14,44,21,23,28,17,14,14,21,8,38
"NR_029478",10,14,13,28,21,9,18,13,8,4,5,10,16,15,7,6
"NR_029479",22,30,10,17,10,22,17,39,17,22,8,13,21,9,12,13
"NR_029507",18,14,33,6,8,15,6,5,7,11,8,7,19,32,10,26
"NR_029706",10,16,14,35,25,15,26,5,17,5,34,10,18,27,23,11
"NR_029845",27,24,17,9,5,32,22,20,14,11,23,14,19,15,16,7
"NR_030378",28,11,27,9,3,12,17,21,7,14,32,23,10,14,9,13
"NR_030395",17,21,29,25,19,17,34,26,10,22,17,10,36,12,17,17
"NR_030396",21,27,7,11,26,15,20,9,25,24,20,11,28,40,16,29
"NR_030622",15,14,20,21,21,12,15,6,16,23,26,29,14,7,7,21
"NR_030755",25,18,15,17,19,23,10,23,22,13,22,20,16,7,20,16
"NR_031615",37,21,14,18,20,16,11,23,40,17,31,32,20,11,23,11
"NR_031618",2,24,21,9,21,22,19,32,3,7,17,5,28,4,21,9
"NR_031651",22,4,1,6,4,7,15,15,10,13,16,15,2,20,21,10
"NR_031694",26,15,7,12,31,2,4,29,1,6,4,21,4,20,14,17
"NR_031706",14,13,20,16,24,5,25,7,15,4,23,30,12,18,20,27
"NR_033319",2160,2042,1964,1918,1987,2043,1919,1930,2039,1879,2006,2018,2026,2080,2089,2013
"NR_033320",2206,2088,2017,2192,2063,2079,1984,2262,2134,2002,2028,2035,2038,2134,2186,2105
"NR_033321",2035,1807,1988,2017,1981,1982,2031,2011,1964,2058,2033,2020,2005,1939,1858,2086
"NR_033377",804,801,907,928,908,774,773,771,760,860,840,837,785,877,803,829
"NR_033408",401,391,427,411,473,375,508,411,457,496,501,482,456,540,509,342
"NR_033531",142,146,178,146,163,173,166,182,147,134,156,133,112,132,169,139
"NR_033674",830,976,958,888,852,850,775,819,829,982,890,793,859,908,835,900
"NR_033687",236,284,315,323,277,296,323,266,250,297,304,308,259,246,322,283
"NR_033733",689,812,729,816,763,829,866,810,341,314,287,271,296,358,294,316
"NR_033734",312,263,351,358,250,237,334,291,316,341,263,313,271,254,262,295
"NR_033825",453,480,491,462,521,438,482,469,488,506,493,593,470,455,523,498
"NR_034118",358,287,334,440,348,313,309,353,337,306,303,285,349,331,322,389
"NR_036168",4,17,13,22,20,28,12,13,15,4,9,14,13,19,16,13
"NR_036169",29,9,8,12,20,33,12,23,20,29,12,8,16,16,15,12
"NR_036170",12,22,19,10,7,17,12,24,16,25,6,16,5,10,16,19
"NR_036171",10,12,18,11,10,13,11,30,7,19,17,15,12,18,18,14
"NR_036172",12,8,7,4,6,11,6,9,4,12,14,2,20,7,11,21
"NR_036498",180,311,245,275,182,237,212,249,279,274,199,248,267,219,311,220
"NR_036550",503,598,512,515,574,577,554,576,576,566,530,472,509,585,522,538
"NR_036556",439,489,392,455,421,440,397,396,461,400,493,486,418,429,404,438
"NR_037412",36,22,12,20,26,30,16,15,13,22,16,13,13,16,15,23
"NR_037413",12,18,8,19,19,11,24,20,31,14,2,8,7,16,16,14
"NR_037426",22,8,15,38,25,28,39,14,46,9,24,21,15,34,16,22
"NR_037471",22,26,21,18,15,43,18,13,22,18,22,21,23,31,19,17
"NR_037496",32,46,31,17,25,42,21,61,5,10,6,11,7,3,13,7
"NR_037566",521,461,525,393,465,465,499,460,476,424,476,445,492,436,410,469
"NR_037611",1006,925,944,961,1013,863,763,898,926,862,904,1001,985,842,994,960
"NR_037612",610,644,652,616,597,695,684,620,653,623,595,662,654,673,671,669
"NR_037839",271,296,268,260,196,263,257,209,222,171,181,189,190,173,171,186
"NR_038388",616,606,726,661,694,714,651,643,684,605,608,632,680,690,597,659
"NR_038398",391,417,298,386,371,376,379,380,448,372,461,324,435,404,360,334
"NR_038460",460,461,430,448,441,392,498,414,453,412,450,390,433,447,422,482
"NR_038911",462,428,451,416,381,458,440,440,444,471,411,543,505,436,433,445
"NR_038917",227,272,258,259,232,314,198,284,288,354,323,313,259,301,255,251
"NR_038918",374,295,270,303,335,316,348,263,274,345,239,257,362,324,287,346
"NR_038941",233,171,185,197,192,244,249,213,206,172,268,208,182,173,225,224
"NR_038944",757,875,820,766,747,766,920,950,731,750,709,855,890,790,841,833
"NR_038949",534,525,530,540,563,599,515,497,551,540,482,506,553,676,594,578
"NR_038950",202,217,201,263,244,257,268,228,220,254,258,168,241,236,208,225
"NR_038954",281,244,170,195,192,189,212,233,233,198,187,213,211,206,261,185
"NR_038956",261,235,265,308,281,315,251,307,249,267,257,210,277,242,307,331
"NR_038957",299,285,221,237,329,272,257,271,286,245,257,281,265,263,227,257
"NR_039759",8,20,15,19,16,19,19,8,10,8,20,9,12,26,6,10
"NR_039761",15,17,5,45,13,13,4,8,6,4,9,12,15,15,5,21
"NR_039918",5,12,16,10,10,25,2,19,15,8,4,16,26,12,23,15
"NR_039919",20,26,25,27,11,12,11,28,10,17,10,15,11,19,8,9
"NR_039920",13,24,13,13,28,10,11,52,13,13,20,18,25,19,13,8
"NR_039921",30,6,13,32,18,29,16,19,20,19,51,10,14,24,20,11
"NR_039923",7,9,8,23,13,2,1,6,5,17,26,17,11,17,9,33
"NR_039988",816,903,841,830,767,767,979,859,921,912,912,856,812,838,835,774
"NR_040114",171,162,171,152,136,144,169,119,188,169,192,186,144,161,169,155
"NR_040115",318,283,353,346,343,279,300,314,357,333,293,332,383,282,370,283
"NR_040535",768,600,658,679,676,714,632,667,694,726,765,696,732,639,748,767
"NR_044991",165,111,193,150,159,190,157,199,165,164,140,145,141,163,201,170
"NR_045121",634,588,645,649,650,631,657,627,645,623,631,614,592,716,595,620
"NR_045648",819,881,814,655,675,726,740,829,648,739,656,794,732,756,749,874
"NR_045649",2069,2219,2039,2020,1928,2158,2036,2089,834,768,670,683,738,758,665,690
"NR_046082",829,657,693,636,645,740,573,629,602,701,649,726,633,729,649,732
"NR_046282",814,933,800,811,762,753,830,794,3082,3308,3173,3277,3218,3318,3214,3350
"NR_046298",366,330,273,307,298,315,291,268,1542,1515,1540,1592,1441,1477,1607,1488
"NR_046308",164,132,144,155,155,128,125,122,133,110,184,184,164,144,79,144
"NR_046312",1539,1593,1535,1503,1660,1439,1529,1473,1487,1591,1646,1619,1380,1493,1553,1494
"NR_046423",366,353,338,310,465,333,428,384,2279,2193,2220,2100,2158,1976,2086,2152
"NR_046563",765,776,781,879,852,896,840,735,402,439,367,383,411,411,414,477
"NR_046851",499,487,447,460,440,416,439,410,379,418,403,447,425,451,403,395
"NR_073068",863,896,893,989,953,1039,958,833,982,960,935,1030,973,826,1024,969
"NR_073069",853,866,1002,1000,973,990,841,1016,929,883,1052,1044,1133,1048,833,898
"NR_073135",1031,1101,1002,1074,1057,1016,1103,1015,893,1075,969,1156,1143,1126,1074,1037
"NR_073136",977,983,947,912,1103,1017,950,887,966,966,925,967,893,1008,920,814
"NR_073459",154,163,135,140,165,136,162,124,220,173,200,143,176,128,145,154
"NR_073460",138,130,164,140,155,182,199,106,171,136,127,105,147,133,151,168
