"Gene.name","converted_sample_01.fasta.fq_quant","converted_sample_02.fasta.fq_quant","converted_sample_03.fasta.fq_quant","converted_sample_04.fasta.fq_quant","converted_sample_05.fasta.fq_quant","converted_sample_06.fasta.fq_quant","converted_sample_07.fasta.fq_quant","converted_sample_08.fasta.fq_quant","converted_sample_09.fasta.fq_quant","converted_sample_10.fasta.fq_quant","converted_sample_11.fasta.fq_quant","converted_sample_12.fasta.fq_quant","converted_sample_13.fasta.fq_quant","converted_sample_14.fasta.fq_quant","converted_sample_15.fasta.fq_quant","converted_sample_16.fasta.fq_quant"
"A4GALT",411.000238,393.000200063994,451.00032,435,475.000666462,444.000000076436,438.000370876,387.3879,453.00023,388.99980003062,446.000000019282,398.00000016317,426,415,434.99999,428.0002
"AC000041.1",46.8572,36.9516,42.2942,46.8727,44.9094,42.421,41.2654,40.787,37.4626,36.9903,52.8653,31.7907,29.2865,37.6182,36.0771,41.8845
"AC000041.2",41.8967,39,36,35,36,38,47.9299,45.9265,44,34.8174,32,57,33,50.8546,45,28
"AC000093.1",979.332,1157.507,1039.711,1112.928,1084.004,1089.24,787.484,1008.885,1006.668,1005.78,1247.78,1057.969,1161.149,956.693,1055.836,1162.641
"AC000095.1",217,188,148,168,189,194,154,192.947,822,695,790,848,821,805,774,839
"AC002472.2",355,385,318,324,368,356,384,356,395,367,380,369,364,341,365,383
"AC002472.3",50.3167,48.9115,57.6707,52.3366,73.191,44.219,60.745,54.0997,64.5492,59.2785,61.8253,71.0973,40.8798,60.3256,47.2415,62.3805
"AC004832.3",227.1095,137.80215497,207.624,189.7253159,147.707000036818,161.124,255.6825,176.685,240.16766,193.862,177.133,200.386,158.305,225.1335,135.66100177759,182.724
"AC004997.1",0,0,0,0,0,24.8618,0,0,0,0,0,0,0,0,0,0
"AC005176.1",0,5.02497,3.04994,0,0,5,2.07491,3.04994,0,6,0,0,5.02497,0.100606,0,1.04994
"AC006453.2",4,1,4,2,4,1,4,2,4,3,1,4,3,5,3,5
"AC007325.1",36.2993,31.0259,58.1265,39.8229,36.9936,37.9255,45.7694,37.4566,49.8307,42.3222,53.5257,42.1503,36.1953,42.5909,32.2483,69.7009
"AC007325.2",180.8816,159.1094,170.3363,171.4057,157.8118,90.26177,109.34499,116.9367,194.9438,85.55871,189.554,133.5585,162.0057,144.56645,129.66399,168.64584
"AC007731.5",0,28.7079,3.35768,0,23.8696,8.04835e-06,0.0810761,42.8624,31.2354,34.0406,13.1639,34.3094,7.67898,0,23.3832,0.233323
"AC008132.1",881.2258,885.6137,880.5872,959.8647,944.1369,906.9507,911.7482,876.2286,870.3261,898.2025,843.7624,910.9153,867.9823,945.6471,834.4053,936.6368
"AC023491.2",5.47841,11.6564,8.08801,0,0,0,16.9279,1.23682e-07,0,3.27482,0,0,6.76149e-06,20.1644,15.8159,0
"AC091959.3",0,0,1,0,0,0,0,2.26719,2.73027,1.31593,0,1.2312,2.4624,2.60963,1.2312,3.69361
"AC245060.4",159.541,123.792,181.568,197.759,147.619,154.635,143.945,139.824,174.685,239.121,142.546,159.234,143.349,153.903,142.871,136.055
"ACO2",534.948,513.069,525.33162,522.43586,487.20339,475.72757,499.66407,620.976,556.767,549.671304,563.164188,573.59186,592.59239,568.367,612.212,463.632
"ACR",293.99918,307,271.388012,290.18,223.999314,247.99934,320.99922,280.00094,308.99998,258.992,332.77888,244,248,290,291.99988318,351
"ACTR6",4,2,0,1.41158,0,1,1,1,0,3,3,0,1,0,3,2
"ADA2",1376,1264.99971,1340.99943,1303.00023,1359.99951,1402.9992,1322.9994,1444.9998415,1443.0005,1424.9999,1358,1369.00028,1405.9996,1261.9091,1355.99714,1289.00052
"ADM2",1613.9989,1703.0036,1605.9959,1589.9997,1758.996,1583.0036,1495.0005,1458.0009,1531.9996,1589.9969,1740.9959,1599.0029,1670.0042,1678.0038,1699.9995,1663.0039
"ADORA2A",609.99997,680.00038,814.999965307,726.0002011,694.4140205,677.3933,612.0001,663.69861929,637.999783,623.999976966,544.000656,641.0003240321,570.501487,660.361886215,637.99984,654.000443
"ADSL",458.000424,556,550.4457,599.8631,619.99985,546.7076,535.9997,624.000700255784,523.999868217,590.99925,601.9999,656.6936,564.9996,570.00032,592.7673713391,616.99968
"AIFM3",1852.9872,1933.8419301644,1931.1669174765,1968.992475,1942.95228,1965.7161,1903.1349,1891.44563446,3225.99023,3379.9025,3249.4338,3429.3622,3311.92810001648,3301.7357,3291.17080015399,3259.7638768
"AL022312.1",16.1064,31.3919,15.9417,16.4238,29.5919,21.2345,21.3403,23.0798,14.5522,19.5649,15.9949,29.3558,15.4019,14.294,13.4853,15.3794
"AL022318.4",120.521,112.698,120.009,150.48,81.3825,122.944,86.9438,128.334,85.3375,69.0668,130.624,163.799,169.622,155.97,1.60087,129.033
"AL162151.2",16.4557,11.7108,9.78086,15.2721,6.78782,16.4052,15.3868,12.9768,6.40866,15.0078,18.2394,12.8708,8.95196,14.4863,16.4437,14.6079
"ALG12",516.0002,457.0004,467.9997,489.9997,473.2683,503.8806,489.0023,500.0005,460.9999,442.9998,510,523.0685,453.0617,483.9997,508.0005,470.0003
"ANAPC15",3,1,0,3,1,5,0,5,3,4,2,2,1,2,5,3
"ANKRD54",872.5203,992.0002,842.0001,929.9997,784.0001,846.9996,782.9997,804.6115,863.2647,871.5251,874.0001,989.9998,854.9996,847.9996,847.9998,851.4044
"ANKRD62P1",138,113,139,138,140,107,129,127,138,133,122,143,156,117,141,121
"AP000346.2",64,93.2893,67.247,67,70,76,80,74,67,68,62.018,75.4247,67,68,79.3409,82
"AP000347.1",281.6324,293.8242,355.4323,293.3269,257.4818,321.6704,302.2763,290.0654,287.5089,298.0948,284.0173,266.8638,302.6407,286.9911,364.4674,312.871
"AP000349.1",16.8632,6.13879,32.7859,30.2911,25.5357,48.4304,17.5878,4.38132,33.1686,22.9103,28.6882,36.6967,19.5629,40.7114,19.2371,38.3766
"AP000351.2",50.5897,51.4028,39.6081,50.3873,56.4588,41.697,51.7247,46.5563,47.1929,41.3153,68.883,38.6705,52.42,45.7825,51.545,41.2625
"AP000351.7",68.1246,49.2212,93.0986,65.8784,57.6992,59.5069,57.7634,56.9543,53.989,64.9877,40.2999,60.2989,60.1062,42.7299,68.0337,36.8139
"AP000356.3",172.6681,183.7321,177.70631,208.9954,175.50738,200.6619,175.31303,192.5456,180.67022,203.901,171.36305,153.64456,182.48108,204.305,183.7015,213.4401
"AP000356.4",24.8913,34.9542,28.8891,21.9395,29.9713,30.9598,30.9442,31.9771,25.9548,32,24.926,28.9429,33.9338,30.9596,25.9597,30.9722
"AP000550.4",10.2163,12.0458,12.1109,10.0605,13.0287,19.0402,13.0558,11.0229,18.0452,15.1506,14.074,12.5047,17.0662,19.182,16.0403,13.0278
"AP006222.1",46.8111,31.6325,52.7034,41.3931,36.6808,34.0637,54.349,20.5753,30.2321,27.0797,36.6553,30.1022,54.5324,24.3499,25.7589,32.878
"AP1B1",2563.145736,2461.04756,2359.711111,2502.1270516,2480.08975,2268.579792,2331.73422921,2547.98518,2264.5378,2460.008308,2492.13411,2554.0807,2321.70918,2686.37739517,2419.923022,2519.1147
"AP1B1P1",170.9999,160.9997,171.0001,150.9996,134.9996,143.9997,167.0001,119,186.9995,169,191.0001,185.9999,143.0004,158.9996,169.0004,154.9997
"AP1G2",1,1,3,5,2,1,5.92891,2,3,2,3,0,1,1,0,0
"APOBEC3A",762.726,748.1022,810.6826,744.339,795.6118,733.363,829.0226,656.918,714.2892,829.46,790.5506,692.1684,826.6478,783.1606,773.3762,861.7744
"APOBEC3B",714.833,638.321,633.496,570.88,634.603,621.371,620.988,618.406,545.463,703.561,565.216,711.614,587.008,670.9393,602.61,558.8111
"APOBEC3C",217,274.535,198.0001,251,271,270.399,275,198.1911,231.0001,212.0001,237.2871,235.5081,212.0001,285,265.6302,246
"APOBEC3D",399.0997,358.1061,387.6387,400.1066,401.5608,351.7417,396.3308,333.0653,478.1682,409.3569,380.0027,302.8303,303.8958,379.8725,536.4273,347.319
"APOBEC3F",1147.102,1223.0291,1096.329,1153.937,1147.63913,1236.491,1200.227101095,1213.5826,715.16017,611.2505,729.10206,656.55,759.463,723.887,706.563,674.17202
"APOBEC3G",330.7177,401.208,320.8437,396.2565,371.19956,306.5463339544,365.48785,404.5017,409.5834,391.104047628,382.0885,273.529,378.3633115677,368.1695,443.791700014837,369.8758
"APOBEC3H",872.99912303,824.999366265,717.00026,759.0002,809.99955,762.99953,811.000500396019,803.999592190421,869.9996,753.00036,741.0006,767.0012,822.001,858.0013,737.0012,724.0005
"APOL1",2288.003,2166.9996,2100.9958,2518.7144,2425.002711,2177.7761,2285.4115,2305.0002,2293.843428,2127.99939412,2182.973948619,2320.424435,2261.9955584,2372.35170152,2226.647269653,2136.4097
"APOL2",998,1108.0001,1160.9983,966.9994,1118.0003,1121,1007.00010064396,1024,1041.0003,1132.7304,1020.1676,1000.2464,1090.0002,1068.18303,1004.618,978.9995
"APOL3",3238.710334673,3244.999631,3310.9998016404,3293.0000394052,3331.99991,3352.65714389,3415.10995,3206.9989739,3383.00082846086,3426.99954688,3533.78087859,3533.08008205195,3252.00063,3170.46142012008,3260.73433044296,3244.58711003239
"APOL4",1447.00042318,1272.00010006161,1266.9993597903,1285.00001030113,1361.0000370424,1339.00000285064,1320.9999519381,1362.086413312,1434.00000012264,1346.99973,1319.999164,1286.24588664335,1256.0002,1399.9999,1279.000250074,1437.9986
"APOL5",222,243.467,271,289,266,248,278,292,262,291,241,320,267,293,271,275
"APOL6",1957.97,2143.93,2140,2238,1938,1944.97,2061,2049,1816,1903,1993.98,2064,2032.97,1918,2050,2012.98
"ARFGAP3",2002.00428038,1999.9997,2079.9972,1950.99564,2005.002,1962.00533,2027.996637,1900.99609790692,1113,1204.9996,1057.00020144826,1064,984.99994,1042,1232.0004,1095
"ARHGAP8",1062.3825,1074.817708,1163.78477,1128.8961,1152.663,1086.488,1110.28967,1225.8664,1120.4589,998.08,892.18578,1112.8968,1090.3407,1165.9396,989.93212,1100.648278
"ARMC9",19,25,33,19,20,22,31,21,28,15,24,19,15,32,14,23
"ARPC1B",0,6.81799,10.0726,5.09731,5.37177,3.96248,0,3.22794,8.92473,8.29032,17.3298,2.27031,9.84677,5.92538,11.9909,11.7879
"ARSA",2416.9995,2487.001,2432.00022,2487.99955,2501.0003,2435.0002,2438.0007,2435.00099,6474.012,6578.99683,6332.99774,6163.00173,6327.9927,6217.995,6433.00532,6346.01044
"ARSG",3,1,1,2,1.95213,2,0,2,0,3,1,1,0,2,4,3
"ARVCF",813.00001249577,783.000670028189,921.0003992,809.00055,848.99942686,865.00035,781.37436662,820.21270438,826.218326723,828.41723,831.00031,813.194528919846,917.468310380985,874.44979,796.9997,842.99974
"ASCC2",1138.99942,1214.0005661,1088.99983591,966.5951,1130.00033,1202.54328,1125.00051,971.87945,1055.9998,1200.62216,1047.00093,1091,983.08388,1112.00030004474,1115.76585,1032.00006
"ASPHD2",633.287,666.371,593.054,676.45,674.768,626.448,649.959,669.601,682.118,663.616,705.871,596.235,725.489,722.012,610.624,606.44
"ATAD3C",4,1,1,2,3,3,5.45977,1,4,2,3,2,3,2,4,3
"ATF4",833,746,648.979,665,664.983,681,680,653,729,730,713.986,583,730,699.892,628,628
"ATP5MGL",168,146,188,197,112,160,165,148,196,181,195,153,146,187,147,144
"ATP6V1E1",753,931.82,826,866.999,888,782.95,776.166,863,784.999,857.999,831.97,865,839.252,828.982,797.5,828
"ATXN10",1253.9998,1329.99949,1401.99923,1319.999882714,1351.00048,1382.0001,1305.99935,1324.9996,1243.0004,1284.00009,1182.9872,1238.000088,1294.904,1218.9992,1256.9991,1329.00012
"BAIAP2L2",1514.0025,1507.0027,1458.9981,1564.9993,1433.9955,1444.0018,1611.997,1690.003,441.0004,397,447.9999,427.9997,407.999565,411.9997,405.00044,367.9998
"BCL2L13",14236,14566.991,13798.998,14014.997,14053.993,14439.005,13850.002,14240.006,12715.998,12342.9937,12198.492,12661.173,12899.007,12885.007,12229.99,12970
"BCR",4975.13015838,5095.8379,4996.9369,4922.61769,5070.7343,4819.4588,4992.55966,4736.9324,2762.4773,2882.5446,2925.301231,3012.9898,2753.23206,2677.0376,2737.6005,2721.1535
"BCRP2",989.491,952.464,1007.783,860.994,954.277,938.999,977.929,917.985,884.478,892.525,916.42,898.989,943.517,868.647,848.039,876.623
"BCRP4",21.3441,22.5197,23.4729,25.4184,21.6747,24.4117,24.5818,24.204,32.6361,26.6327,23.3573,24.9992,21.6953,25.1653,32.5761,21.4763
"BCRP6",35.798,37.3568,35.8278,40.2934,22.4319,34.2027,46.1724,26.8938,46.9408,54.6742,49.7566,33.8156,28.2039,28.4026,17.8845,41.0999
"BEST2",2,4,7,1,4,2,4,3,12,7,2,5,11,12,9,5
"BID",3821.99825,3855.00008,3805.996194,3969.9991,3821.9969,3706.0021,3971.9947,3557.9967,4645.9988,4318.0014,4641.4542,4545.00168,4641.0019,4477.0006,4641.0046,4860.0013
"BIK",230,159,234,202,153,213,180,188,218,180,165,184,200,199,160,175
"BMS1P12",8.45939,2.19629,5.43202,5.24066,6.38097,4.46938,1.05518,4.16107,3.32321,10.8786,7.4536,7.76626,6.6506,4.09667,5.14647,4.1187
"BMS1P17",286.4934,292.00048,296.99976,276.99955,316.15927,315.8463,358.7642,225.73946,386.22582,309,325.00025,233.759,322.00025,256.115,293.731,315.93532
"BPIFC",411,410.249,363,452,376,371,344,374,395,438,393,359,452,348,371,426
"BRD1",1021.997625,982.9996204,851.0000409956,1003.00006,881.9999,963.0004,921.4753,795.99957,895,941,752.1357,918.99998,939.318,889.858000052459,896,949.0001
"C10orf143",10.0249,12.0546,4,7,5,9.02264,10,3,9,7,8.01972,4,8.01932,4,9,6.01471
"C12orf45",5,3,14,13,7,11,11,5,9,14,8,6,10,4,11,7.00185
"C1QTNF6",1005.99999,947.69,978,972.691,888.47009,955.704,921,944,847.687,925.00044,940,752.691,892,953,815,966.692
"C22orf15",202.0001,200,181.8519,163,184.9998,167,241.5293,154,138.4857,206.00042,195.0004,203.0003,145.87729,138.99996,164.9999,214.0003
"C22orf23",773,754.9995,727.0003,662.99965204,726.9999,712.0002,769,742.99986,710.00076,732.9993,742.9993,764.0004,808.0004,774.9996,775.0002,701.0001
"C22orf31",265,233,213,197,170,204,208,207,232,231,192,240,249,234,200,162
"C22orf39",638.9999,750.762150649,739.4465,818.000800602891,655.99950004396,688.9998,589.6252,827.9753,812.9989,671.7026,818.9999,699.3599,767.6093,603.9316,706.610579,669.99980173415
"C22orf42",159,192,189,155,158,128,122,154,155,215,137,185,142,166,153,160
"C22orf46",1000,956,957,1026,989,1009,1013,942,1031,1001,1083,925,995,1035,942,1006
"C2CD2",3,3,1,1,2,3,1,3,0,1,1,1,1,2,1,0
"C2orf92",3.3105,3.37802,5.65408,2.20445,3.19947,2.16872,5.54687,1.03075,5.65378,1.06649,3.37815,1.13796,2.24019,0.959669,2.20445,1.13796
"CABIN1",4291.99524451,4057.98582421236,4726.99530139258,4177.7328,4369.0051,4548.9678134,4469.65905,4323.54239912,4497.8913,4475.9936166,4476.7844,4333.99271025494,4342.9583,4384.9998,4488.98995,4360.91145
"CABP7",622.111,606.075,479.997,613.474,608.023,568.289,600.576,535.968,626.473,554.985,649.622,581.564,594.07,549.412,542.432,632.84
"CACNA1I",3961.0024,4024.9953,3961,3871.001,3942.001,4116.9962931,3898.9974129,3967.007,4172.003,4190.005,3913.0017,3881.93,3841.002,3886.005,4016.0072,4015.9953
"CACNG2",324,295,290,292,295,310,286,283,271,271,280,285,282,254,270,266
"CARD10",823.9998315,817.00032986,728.77182,728.99973,707.286100073337,798.99983187897,840.00033,827.87280127,814.9999,844.86845,709.9999,838.9995,723.937625747,882.9859928,763.00043,784.0001
"CASTOR1",331.00002,334.4736,388.0004,307.9999,372.9692,276.45874,328.33524,256.99981,299.99954,318.2284,324.00026,335.0648,312.0865,419.5817,384.00012,308.999915
"CBFA2T2",3,1.65697,2.65697,2,4,2,5,9.65697,2.6396,4,3.65697,1,4,3,7,6
"CBX5",4,17,13,22,20,28,12.0711,13,15,4.10556,9,14,13,19,16,13
"CBX6",553.9996,643.0001,704.0001,669.0004,680.9996,694.9996,626.9998,644.0001,641.9998,672.9996,626.0001,726.0001,682.0001,693.9999,775.9996,661.0003
"CBX7",759.00039,712.0001707,731.0003,850.9997,788.999687,777.9997,851.9995,925.9999,782.00013075,820.0001,832.99959,807.0001,791.9996,890.000300101376,772.99984,853.99969
"CBY1",554,437.0003,472.6539,494.999,429.7119,523,511.663,438.831,465.02205,548.932,498,551,469,482.15873,445,484
"CCDC116",426,482,448,462,499,522,411,448,434,468,445,463,456,446,518,448
"CCDC117",714.999825776,772,862.992000441931,907.99957,641.99958,840.000103,795.000400013604,756.00027,4077.00183001356,4294.99810003328,4296.0033,3990.9984,4061.997919687,4019.99559,4128.00178,3794.998552
"CCDC134",219,274.0001,314,239,317.00035,228.00042,188.00046,243,306,232.9996,322.999761,250.00018,208,329,282.00016,217
"CCDC144CP",2,4,2,4,2,2,0,4,4,4,2,6,4,4,4,5
"CCDC157",564.0422,564.9284,576.0183,600.637,623.2771,531.1439,526.8372,582.6649,548.1236,630.2591,605.5329,685.99,600.6222,617.0327,475.6015,551.7033
"CCDC188",73,166,91,134,93,155,114,120,131,185,148,112,86,159,97,162
"CCDC82",2.36734,5.91834,3.551,2.36734,0,1.18367,2.36734,0,3.0263,1.18367,2.36734,1.18367,1.18367,2.36734,1.18367,1.18367
"CCT8L2",410.834,361,407,357,417,472,405,383,356,408,404,429,425,418,404,369
"CD47",17,17,20,9,18,13.0015,17,12,24,15,13,16,10,16,11,9
"CDC42EP1",466.00013,446,512.9999,345.5282,475,388,426,481,473.00026,513.00000290424,524.0001,462.0002,416.00037,377,473.0001,450.00038
"CDC45",1295.99999,1112.99993,1104.00010712,1276.99956,1142.0003,1151.00020226189,1099.00045,1186.9996,1237.99936,1262.9993,1143.00053,1269.9995,1184.999793,1147.99903,1287.0003202774,1166.000582188
"CDK13",15.4275,4.33826,0,4.75874,9.25216,5.00234,2.92165,1.83709,11.8326,12.3507,16.6005,10.6021,27.6835,0,10.1816,20.7619
"CDPF1",295.0005,311.9353,359.0004,289.99978,303.99985,317.9996,263.00042,342.0004,230.999911,262.999615,258.99958,286.00028,354.0001,286.9996,321.0001,368.9999
"CECR2",1130,1041,1141,1232.9995,1155.9991,1192,1159,1164.0005,1015.0003,1149,1073.9991,1151.999,1037.9999,1254.9995,1200,1244.001
"CECR7",588.388,500,650,530.00045,614.343,561,510.00033,488.00039,521,510,577.00002,518.99953087,496,549,555,501.215
"CELSR1",2482.0033,2347,2320.7821,2377.0000083788,2312.0047,2288.0027,2278.0044,2229.00016,2336.997984,2146.99976,2241.3145,2107.9981,2350.6932,2192.4292,2358.0027,2224.000202589
"CENPM",484.99981,423,430.00006,440.999,558.0003,425.999,503.9998,509.99998,455.00028,541.99955,403,535.205,429.00036,557,529.001000105692,445
"CERK",896.99957,913.9998,751,897.0004,969.9995,877.0001255,895,893.00033,767,979.0005,885.00023,916.9999,824.0002,872.9995532,952.00017,895.000160026951
"CES5AP1",269.9998,294.9998,268.0002,259,195,263,257,207,222.0002,171.0002,181.0002,188,189.0002,172.00014,170.9998,185
"CFHR1",1.04543,0.956835,2.07035,0.971773,0,1,1.03066,1.7373,5.07056,5.21804,3.1442,2.92933,6.02926,1.83492,5.33246,0.914844
"CHADL",531.1668,476.53390623978,487.4260066387,428.36903628,498.4215909,476.8314877,446.6847,592.8281676,507.7814,664.50418,495.416245722,516.3964,467.82204,521.6528,633.4207593,519.6561
"CHCHD10",160.99992,183,158.00004,160,187.00004,133.9999,117.99994,138.99996,153,123.99992,149,137,181.00002,141,158,168.99994
"CHEK2",1542.59559948808,1372.7035707319,1471.5433,1531.14554,1513.9310947,1418.485875835,1621.65720428058,1394.8343,1453.23791,1425.686879801,1361.53242119279,1545.44730001025,1513.43521001017,1537.56946,1579.4516683,1516.3258408
"CHKB",601.979,544.97,473.298,536.813,517.534,601.105,510.122,570.942,492.157,538.878,514.41,632.122,543.331,569.875,473.311,554.476
"CHKB-CPT1B",280.5465,286.831,238.7849,367.3115,337.8993,333.4672,304.5685,351.0471,258.4294,213.9873,253.7381,290.1716,278.931,304.4327,326.901,276.4334
"CHP1",0,1.04089,2.08178,0,5.20446,2.08178,1.04089,4.16357,2.08178,0,1.04089,3.12268,1,2.08178,0,5.20446
"CIITA",11.9884,5.32817,7.7165,9.32429,2.66408,2.66408,5.32817,3.99612,15.0441,18.6486,18.6486,19.9806,17.3165,34.1731,15.9845,13.3204
"CLDN5",859.9997,755.0005,722.99987,872.00007,773.00091,841.00047,880.9997,687.99991,839,844.9999,843.0002,815.9999,890.99972,800.99882,841.00053,759.00002
"CLTCL1",2167.91527,2043.00430020816,2252.98782,2268.00207,2317.0004,2059.0013918,2284.00433,2300.96888,2183.0034,2280.00941,2204.71099629,2057.99560002546,1987.000815396,1985.9973,1961.00044082,2130.99796
"COMT",1853.8564,1937.6582,2095.0333,2066.43766,2005.4077,2090.3574,1904.5217,2000.9298,1827.4187,1949.6993,1825.4521,1762.5837,1777.729,1766.7582,1757.3412,1832.4567
"COPS2",3,3.9413,1.97065,1.97065,0,3.9413,0,1.97065,0,7,8,3.9413,5.91196,5.91196,1.97065,1.97065
"COX11",6,12,7,7,1,12,7,1,6,5,11,10,5.87274,6,6,10.8709
"CPT1B",4283.469,4096.78695,4223.91928,4145.88117,4155.5316,4311.50692,4012.01057,4205.44447,7810.39358,7753.07578,8029.8535,8022.70748,7587.74188,7789.42624,7867.15325,7911.5481
"CRELD2",596.0004,552.9995,635.99946,550,634.732,660.997968,608.866843,556.9999,605.869969617,723,595.7573,560.93104,660.9388,544.880103996,546.9995,573.9995
"CRKL",1068.0014,1037.996418,1148,943,1079.99585,1096.00000767498,1137.99844,1119,996,1056,1091.00000010868,1169,1050,1015,1060,1086.9973906
"CRYBA4",161.9997,171.9998,146,101,157,212.0003,127.9998,170.00025,154,172,129.0005,170.9999,159.0005,190,171.0002,157.9998
"CRYBB1",216,195,213,147,158,179,177,166,224,217,207,160,161,183,178,217
"CRYBB2",151.276,146.385,131.57,170.726,184.48,175.524,143.401,162.626,171.129,131.946,151.218,132.478,142.495,193.87,146.306,161.057
"CRYBB2P1",954.72386,1026.62,1033.43,1129.2739,963.51994,1017.48,1131.89,1046.3753,635.871,639.054,536.7818358,575.522,546.5046,580.13,536.694,584.943
"CRYBB3",118,141,221.979,194,186,185,162,215,180,185,161,140,155,194.875,189,216
"CSDC2",620,546,523,559,521,442,550,489,489,483,517.484,469,523,549,474.259,460
"CSF2RB",991.999810036,999.999808898,1109.99794,1013.9992464,968.9996,1007.00050535438,954.9997,970.99994,958.9998,999.00021,1008.99639343269,981.9999,930.9996,905.00042,925.999800777463,903.00007
"CSNK1E",1073.9998,1111.0008,1074.0002,1184.9995,1185.0001,1056.99980002825,1198.0007,1045.99970080762,3040.9957,3084.602308,2964.00708,3180.99520483,2954.998,2931.994863,3005.00569,3049.9966
"CYB5R3",2949.951887228,2869.96188487,3054.9715,2899.993649136,2967.68964,2989.25388191,2761.92110095896,2777.922810349,3023.9611,2722.6190564,3118.8692752,2966.26910198975,2810.39030554209,2875.3341,2924.89285,2990.9211
"CYP2D6",625.96450355655,687.220400424453,659.564200238206,624.68085,594.89510614141,623.782648917698,642.29371,604.6150137396,612.73067828049,562.017525311876,575.405880624094,613.10530154676,636.451700040041,630.14792253061,662.12900224636,595.084687194677
"CYP2D7",331.03472,355.73574,271.9002976,304.31914,302.10516,222.11056,319.08498,389.38474,310.26898,308.61174,341.02964,364.60168,403.54822,329.07132,291.74326,307.89054
"CYTH4",658.0002,615.63786,620.99955,591.0001,534.0001,632.0005,659.9998,598.00016,567.0002,643.9996,571.409796,769.0001951,568.126,645.9995,580.00036,605.99964
"DDI2",0,1,4,4,5,3,1,5,3,0,3,4,4,2,3,1
"DDT",542.3154,473.11192,520.91493,607.58055,634.92849,644.85006,635.0648,483.1023,316.9589,314.6508,323.7721,296.13129,310.832,340.0324,266.4433,280.0722
"DDTL",288.38,261.02,272.014,352.506,306.972,341.726,309.322,338.96,382.296,299.238,219.07,332.464,360.056,260.586,338.026,332.922
"DDX17",1968.00143,1967.66574,1999.5631,1901.99397,1899.786,1927,1850.891171613,1952.00369,1993,1976.999,2044.717,1962.9953,1775.9802,1999.00202,2025.0027,2020.999
"DENND6B",473.0003,334.9995,367.0001,426.9997,477.7934,438.0005,385,458.9997,359.9999,451.9996,433.9995,467.0003,434.0005,425.0003,428.9998,430
"DEPDC5",4855.50615858671,5074.995239997,4834.73550969975,4922.62238429413,4751.8102140141,4802.79575800784,4804.73095511611,5087.6635263337,4404.18417781111,4720.73068930983,4537.65849159791,4850.64891268895,4888.87098164006,4794.00690032699,4808.65945385706,4678.414284832
"DERL3",1493.86292,1402.00058,1439.7062,1513.58698005261,1339.99954,1347.31634,1501.57614,1441.9993,1593.37942,1426.94088,1440.00042,1483.99991238326,1483.6321,1424.295136,1370.559494,1546.64007
"DESI1",683.9997,755.0002,725.0003,705.9998,692.9396,683,714.0002,751.0002,681.99995,692.9998,754.9998,690.00031,646.99296,770.00041,749.0005,731.00011
"DGCR2",4322.51324,4346.002598245,4623.000613914,4568.997193,4350.570292,4475.99999444,4403.99512,4069.00099,4339.99137,4486,4403.00599817,4623.998427298,4208.4359735,4386.0016203,4326.00655,4712.99711
"DGCR5",1304.9995,1249.00525,1345.00043,1319.0029,1235.9999,1253.00173,1383.99627,1236.00344,1301.00055,1325.9961,1316.0007,1351.0025,1267.0017,1365.5644,1253.9997,1225.9992
"DGCR6",301.56397,231.19216,286.72136,248.14523,238.3824,241.43855,237.8292,298.93682,191.643737036,270.97079,254.07003,347.91725,278.45669,266.1186,276.01563,224.64642
"DGCR6L",235.904,225.294,244.84,238.192,248.617,267.562,235.732,225.424,236.074,269.265,238.583,245.115,297.854,258.166,224.914,228.29
"DGCR8",1769.9995,2002.9996,1754.0002,1858.0003,1760.6316,1836.0002,1809.9997,1685.0003,1851.2908,1767.9989,1904.9993,1859.00049,1790.9995,1769.9995,1885.0007,1823.0008
"DGKB",2.03631,3.89605,1.89605,0.597367,2.33415,1.75579,2.17658,6.01816,2.29868,4.15842,0.859737,0.15842,4.85974,3.29868,4.01816,2.01816
"DHFR2",3,1.5892,4.86307,0.863068,5.70923,0,3.45227,4.86307,2,0.863068,0,2,2.86307,2,3,1
"DMC1",374.9998,371.000186,394,463.0002,429.999967,461.000474,375.99954,432.00031,479.000474,407.98001,501.0003,412.9997,455.99959,424.00019,438.9997,464.9995
"DNAJB7",574.232,486.175,500.482,600.212,520.825,514.014,521.672,570.147,562.953,614.571,526.836,560.526,568.486,442.613,561.749,464.051
"DNAJC14",2.67826,4.67826,0.839129,0,1.67777,3.67826,3.67826,0.678258,1,2.83913,1.83913,3,1.67826,3,0,3.83913
"DNAL4",334.0001,323.0003,305.0004,263.0003,291.0004,350.9998,321.0002,285.0001,318,255.0003,262.9996,282.0002,371.9996,289.0002,289.9998,305.9999
"DPF1",0,1,1,3,0,0,1,0,0,1,2,0,2,1,2,4
"DRG1",1017.136,1129.6945,1116.4182,1064.5134,1129.9205,1214.9031,1037.8775,1180.3922,425.1264,421.8833,387.2203,407.9585,365.23712,418.5684,385.9926,401.65238
"DRICH1",201.0003,263.0002,275,317.0005,267.0004,293.0002,305.0004,244,257.9999,243.0005,256.9998,264.9998,276.0003,252.0003,254.0001,276.0003
"DUSP18",582.14,402.059,560,463.832,523,482.882,525.651,506.394,461,563.695,462,426.72,403,500.451,491.052,500
"DYDC1",10.8014,2.616,7.8647,6.95596,10,6,10,10.87156,7.88652,9,7,12.95374,9,7,9,9.94802
"E2F4",0,0,2,2,2,5,3,3,4,2,1,0,2,4,5,0
"EFCAB6",1835.003,2058.00435,1843.99688,1875.00470025281,1930.98172,1801.9988,1838.9984,2074.0018,1848.4351,1975.0022,1887.0008,1971.00357,1863.9979,1918.0007,1807.0595002224,1724.9957
"EIF3D",439.99968,432.999380579,463.00002,459.00003,409.0002,417.48479,514.9999,392.9997,455.43943,407.9997,348.0004,432.999882,408.999714,390,352.0002701,459.9998
"EIF3L",794.995900254583,862.00014,784.794146861,766.999647,844.1809,803.9997,807.1243,731.9247,744.5655,717.9952,802.9043,819.000301274305,752.99961,687.9989,861.999672,868.9991
"EIF4ENIF1",2166.0007,2079.9992746,1981.0001,1961.0006,2029.00064,2089.00188345,2034.99856,2194.0000014149,1888.0000398,2034.99980079735,2167.0008,1959.99999,2057.99925,2227.9996,2137.004492711,2047.9993
"ELFN2",1787.0033,1639.0048,1664.998,1753.00104,1614.0002,1592.9994,1655.9985,1716.00064,1770.9987,1447.9976,1611.0003,1638.9986,1687.0002,1763.9994,1732.0028,1658.9984
"EMID1",871.9994,801.99952,769.9998,793.995649,812.7754,942.998100159274,817.000410448,884.9994293,776.0004,872.00003,840.0001,828.9954,880.6538,847.00042,790.00030976,876.99995
"ENAM",21,14,14,18,22,18,13,12,6,14,14,5,11,9,6,10
"ENTHD1",583,606,582,584,503,542,585,593,575,556,533,588,590,561,481,559
"EP300",1882.0046,1712.99927,1792.281799,1789.0024,1725.99776,1813.10799,1804.00345,1819.99995,1793.99785,1788.9984,1832.00131,1886.99673,1622.99892,1685.9989,1695.99599,1834.99494
"EPM2A",2,2,2,1,2,4,0,2,3,2,2,1,2,1,1,0
"ESS2",1085.76,1173.57,962.155,1034.49,1024,1061.39,947.773,1062.83,1019.93,997.087,1061.39,923.324,1012.49,1013.93,893.606,1129.25
"EWSR1",2560.26015,2415.4328,2432.2206,2433.1778,2441.01920003081,2319.56528,2427.8651,2390.8817,2466.3416,2490.691,2492.79,2577.90000446817,2568.148902743,2391.694329,2381.9519,2428.7068
"F2R",2.32174,2.32174,1.16087,7,2.32526,2.32174,2.32174,2.32174,0,1.16087,1.16087,0,2.32174,0,2,1.16087
"FAM109B",521.000108,430,517,474,361.9998,587.0001786,462.00041,484,468.00034,547,462.9999,433,510,446,492.99961,487.00032
"FAM118A",1177,1220.0003,1247.9997199761,1219.9952,1218.57028,1388.3744,1118.189,1237.9994813,1143.9992,1195,1171.5385257905,1263.00135006077,1117.99981,1240.9996,1291.9982,1428.9985
"FAM162A",0,0.955663,0,6.91133,0,0,0,0,0,0,1.95566,3,0.955663,0,0,4
"FAM19A5",1537.0031394,1543.9998,1447.0007,1576.997,1571.001,1532.99740019035,1566.99603671148,1603.997,1068.9992,1110.52403,1025.0004,1052,1093,947,1009.0006,1007.0004
"FAM221A",5.3664,4.9948,8.42351,13.3195,9.03608,9.9896,8.32466,8.32466,0,4.0248,1.3416,3.55024,4.99637,3.32987,2.6832,1.3416
"FAM227A",2086.002063,1912.00426089414,1972.99633,1904.99956,2084.00237,2016.000900424,1898.99726,1973.0016,2142.003436,2140.0040535139,1955.99609,2097.00217,1911.52197,1967.0006833,2076.004684042,1971.99924
"FAM230A",614.999604,603.99981,725,661,693.99988,710.00036781,650.00014,640.999969,679,603.00002,603,627.99994,677.99975,685.0001,595.99954,657
"FAM83F",1216.001,1308.996,1261,1216.997,1114,1163,1412.001,1198.996,2962.0804,3099.9995,2922.0029,2957.0064,2937.9952,2826.0004,2947.0031,2838.0054
"FBLN1",2074.0016,2118.0009,2105.99990052934,1937.999377578,1903.3552,2090.0002,1934.9999,1990.99964,2099.8099,2149.0012,2168.7128375871,2174.7263,2129.9994,2194.9995,2043.0005,2082.0008
"FBXL18",11,11,15,20,12,14,4,7,14,13,11,9,8,7,9,6
"FBXO7",1088.0000347192,1156.7560162,1169.7720000887,1115.761840286,1162.0003,1181.00000009728,1119.998,1088.7395,1186.9999,1108.923,1255.000057,1235.0008834,1160.000180181,1177.75036,1116.999061504,1209.0003
"FBXW4P1",400,390,427,410,471,373,508,411,455,495,499,481,455,540,509,342
"FGFR1OP",0,1.002,0,0,0,2.004,1.98623,0,4.08236,2.03342,2.31055,4.35408,2.73799,3.6188,1.92537,0
"FOXRED2",1879.997128,2044.996,2057.999,1978.00033065,2062.999,1993.0019,1930.998,1927.0029918,2001.003,1863.0023,2031.998,2022.003084,2066.00470962,1914.004,1975.998,1964.99400003951
"FXN",11,2.97503,5.95006,5,4,0,8.92509,5.95006,11.0049,0,5,12,2.97503,11.8994,9,5.95006
"GAB4",561,537,471.448,503.54,491,546,498,473,606,566.734,560.691,475.454,546.672,575.571,472.445,554.697
"GAL3ST1",343.0002,376.9996,348.00062,408.000094359,317.9998,333.99925,357.000508,369.999802444,343.9995,383.99938,362.9995,437.99977,325.0001,383.9994,268,339.0002
"GALR3",210,216,239,231,271,243,216,236,203,225,191,208,282,236,262,243
"GAS2L1",1031.00080127813,971.0003,934.99990361191,998.000700010191,1014.0002,1026.9997,917,926.4914,1053.0004,1014.00072,1078.0008,1026.9999,943.0003,1081.0007,1184.0003,994.9995
"GBA2",0.653235,1.13309,3.47985,2.65324,1,0.826618,3.65324,2,0,0.826618,2.65324,2.82662,0.826618,1.65324,1.82662,0.826618
"GCAT",595.9994,639.0001,635.0003,602.0001,530.9343,656.9997,644.0002,626.9999,547.00048,536.0005,655.0001,648.00078,583.6897,577.0006,656.1901,569.9938115971
"GGA1",3214.99822045849,3046.99944342396,3058.0025,3091.0044804,3207.99743,3187.99832,3322.0014,3034.9201,5246.2135,5524,5413.9987,5667.00297,5484.0044,5607.002694323,5570.00361018533,5514.999
"GGT1",2580.3543,2383.5685,2491.2063,2423.4904,2384.45256,2547.762090528,2210.0363,2346.579,3997.87266,3585.6138,3785.95759,3688.6939195284,3549.80943,3615.33302,3499.49329,3531.190609316
"GGT2",25.9745,52.5193,52.3889,48.8776,59.6461,47.4189,67.9192,44.5914,294.042,259.172,242.492,242.99,289.327,238.213,263.186,252.092
"GGT3P",237.9437,235.7898,263.2907,253.9973,263.841,309.1505,277.0164,252.8768,1331.24,1220.642,1336.752,1215.498,1291.161,1184.726,1143.326,1206.111
"GGT5",1436.2429,1563.9995,1587,1643.9998,1389.9998,1386.0006,1397.9999,1585.0003,1422,1395.8488,1462.9959,1452.8858,1450.9999,1645.858,1583.9999,1477.0004
"GGTLC2",185.5117,150.7026,163.6002,139.631,157.68535,178.1128,174.1653,161.40912,180.5739,164.3959,136.1783,208.4953,146.0597,145.30391,187.059421,142.935
"GGTLC5P",90.1047,76.3193,84.171,70.7004,100.375,112.111,86.153,81.5427,399.09,466.893,520.258,506.304,474.318,434.188,440.568,429.337
"GNAZ",672.12452,613.753,656.2713,591.613,565.596,638.344,668.059,640.29968,692.636255,651.09,614.3896,533.8320101098,607.606,610.64529,613.753,640.394
"GNB1L",303.06493,266.00116,319.60985,270.53617,297.96579,334.68276,241.8506,351.46919,361.23204,335.64227,321.73172,291.305,328.841,288.90652,343.46348,312.44644
"GP1BB",649.103,460.273,563.211,511.367,518.129,528.369,560.564,554.73,461.635,515.977,401.015,516.334,487.561,445.261,536.898,545.446
"GRAMD4",777.00032,816.99976,875.999540718,818.00009,910.00026,932.99994,846.00032,792.99971,898.99977,853.0004,881.99932,871.99938,807.99975,870.99936,810.00076,933.00018
"GRAP2",320.8433,288.9998,270.9996,284.9877,271.9997,279.9997,265.9997,323.0002,305.9999,321.9996,304,284.9998,330.073,288.3336,306,286
"GRK3",1913,1842.00125,1722,1778.0029,1821.00247,1684.9953,1862,1847.37747,1661,1780,1767,1918,1937.00379,1700,1679,1738.00363
"GSC2",172,141,100,110,121,144,100,107,121,114,105,131,112,128,126,158
"GSTT1",391.00032,411.00038,393.00025,413.9995,465.00018,408.00003,433.00006,390.00007,203.0001,217.99964,237.000130453856,177.99994,222.000158,209.999948,234.00007,229.0003
"GSTT2B",421,463.999798,409,423,500.134,441,383.414,500.000634,372.24204883,482.9997,418,447.000000016501,393,524.0000695059,414,480
"GSTT4",372.8754,413.7784,438.90105,456.1214,331.30036,400.49286,374.15106,382.04614,385.0109,414.0121,385.6997,366.6838,416.89426,368.2699,441.96627,358.186100061335
"GTF2H2",5,4,1.999997,1.999998,2.999998,2.999997,3.000001,4,12,1,7,0,1,9,6,10
"GTPBP1",988.99748,1095.0035,951.9995413239,939.655521,965.99972,1071.52471010308,1006.73038,1076.50415,995.35084074,1053.51131,1019.27027,1030.1576,1017.1619,1060.94352,949.00014,1077.99074
"GTSE1",640,550,634,575,589,657,632,607,611,598,661,668,653,579,564,574
"GUCD1",1419.00055,1555.00228,1267.99960008103,1410.00478,1483.00062,1492.00437,1474.00440084203,1652.99700730213,686.0004943908,614,710.99957,740.99984,707.99997,733.00006,758.99982,775.00043
"H1F0",696,664,645,786,658,738,696,700,499,421,398,504,487,454,405,472
"HAVCR2",0,2.07533,3.07533,0,1,2,1,1.07533,1.07533,0,0.0753342,0,2.07533,0,2,2
"HDAC10",1056.244320788,1083.41620553907,1124.89751101291,980.4710971,1094.8000118676,1044.12195,1035.88321074216,1134.8758804725,1041.8335028241,1059.29405,1112.003,1083.47671,1077.852908379,1159.20708606644,1064.65751,1037.7050000143
"HDHD5",752,619,685,716,718,688,687,766,723.144,637.586,779,716,697,742,666,731
"HIC2",2583.0263,2654.19714,2695.89912,2837.043,2556.3259,2605.463,2714.9631,2578.814,1348.6093,1480.2229,1298.490958222,1383.0592,1393.0019,1514.16566,1327.5958,1441.5098676
"HIRA",908,814.2371,816.553200031196,824.0000384509,775.00000234063,826.999700120672,885.3742,793.0250287347,872.0003,720.2976,816.9997,789.6393,841.3902,814.06844773,790.388876579,724.0003
"HMGXB4",3777.1592,3726.99965,3882.0090371182,3861.000321,3972.0019,3599.996331,3805.2563,3727.7606611,1774,1590,1818.00000002291,1648.9997,1713.0006,1600.9994,1667.0015,1707.999270015
"HMOX1",612,644.407,670,620.135,593,688,763,590,272,303,305,326,305,377,308,394
"HORMAD2",345.000300820479,437.999900054493,385.9996,442.0005,413.0002,402.0001356,397.284000064811,376.00030813212,337.99989,395.9996553,372.385226834,368.99985,374.0002,293.0000156049,423.0001,400.0002
"HPS4",3475.7124458,3693.62709,3518.94565,3701.555099251,3755.22737956233,3545.7307,3594.907515,3388.2724203799,3513.88394,3642.3802341,3551.12882,3622.767682,3500.514877,3781.989435,3632.14825,3325.17825
"HSCB",184.4024,257.7236,206.4369,210.4425,211.2872,213.5139,165.2545,201.3,173.0352,251.5082,227.9102,236.7316,210.5653,245.4305,152.5485,173.6744
"HSD17B1",5,5,2,9,6,5,4,4,4,1,3,3,7,6,4,3
"HSFY1P1",407,369,438,440,445,384,440,347,269,296,274,245,263,252,279,239
"HSPA14",2.19823,0,0,1.03953,2.14436,4.29558,3.00437,1.03012,1.00967,0,2.14601,1.02001,0,0,1.04132,1.05888
"HUS1",3,1,0,0,1,0,2,1,1,2,3,0,1.00208,0,1,1
"IFT27",576.138,590.0003929,613.9994,562.0216,614.9999,681.9995,614.8817,660.9997,570.001,625.0004,596,565.9993,543.0005,537.0001,583.0004,666.8454
"IGLC1",76.5195,81.2842,56.0013,60.5534,84.1052,57.0714,80.4306,40.5995,186.934,203.756,240.573,179.185,195.47,199.555,189.167,213.031
"IGLJ1",4.32739,8.02002,6.7648,1.81079,6.92546,10.0403,8.88102,6.97392,5.31126,8.63046,7.33903,4.64504,6.2819,10.512,4.60488,8.4274
"IGLL1",336.0338,343.277,322.9213,316.309,412.022,297.50365,355.605,344.63789,311.2841,356.229,328.536,368.444,427.3778,360.799,311.378,340
"IGLL3P",64.3583,72.4334,99.2768,78.6907,73.4385,99.4965,75.3948,65.3618,78.7157,77.7712,95.4636,79.3652,90.1505,81.4017,105.484,90
"IGLL5",411.762,295.695,313.788,367.635,333.509,309.889,304.689,295.427,852.755,822.613,787.07,868.934,819.719,988.566,913.689,873.542
"IGLV1-51",46,42,55,56,36,44,64,30,48,59,45,49,51,42,57,44
"IGLV2-8",25,18,15,17,19,23,10,23,22,13,21,20,16,7,20,16
"IGLV5-52",88,55,95,65,63,80,75,53,86,79,57,61,70,78,64,49
"IGLVIVOR22-2",3,3,0,2,6,4,3,2,2,4,2,5,3,1,2,2
"IL17RA",1658.00000592416,1700.80000159834,1786.003458,1792.0000170425,1639.99576,1797.000578313,1796.00295,1568.4400515787,7566.9977,7838.99727948,7869.99991632,7537.9956,7671.99996794,7738.0007302,7531.00127152,7890.99992936
"IL17REL",733,681,662,776,741,720,778,671,724,672,657,648,756,698,754,685
"IL2RB",835.99953,781.0003,767.000271,822.00012,893.0002,854.0001,866.9997,785.0001,749.9997,780.0003,788.0001,783.00013,708.28467,839.9996,708.0004,844.9998
"IMMT",7.58411,3.33357,3.43432,5.91697,11.0838,5.33357,9.75018,11.1668,20.4173,7.00072,10.7509,14.4173,0,14.4948,12.8339,2.91769
"INPP5J",411.00014,457.00024,455.00044,443,410.99981,454.99992,456.2932,447.00039,407,429.99969,477.99986,422.99965,403.00010531,486.99948,410,486.9997711598
"ISX",770,609,729,826,653,771,698,630.549,713,672,710,748,615,670,734,637
"JOSD1",753.2945,766.99956,693.9293,724.0002,628.000200154189,689.000158495,771.96885,675.9999,631.41389,741.7021,713.3758,665,607.99977,649.92907,640.66785,698.96488
"KCNJ4",882,793,816,777,699,743,835,789,785,779,880,783,699,827,900,822
"KCNK6",5.80455,3,1,1,0,2,3.00307,2,1,5,3,2,1,4,2,3
"KCTD17",301.000134692,369.0003666774,321,369.9995,406.00030813898,362.00035,329.99997,387.00042,318.0001,379.999637171,347,360.99961,277.000459,318.999726,310.2526,324.00012
"KDELR3",746,765.0001,716.0006,700.9997,740,681,684.0002,778,557.0002,447.0006,566,530.9992,495.9995,499.0002,609,602.9997
"KIAA0930",2504.9963,2584.00125,2344.99666,2471.99944,2175.9872,2564.004,2537.00183,2598.81540188271,2454.0054,2430.0029,2387.0008,2467.00422,2459.9984153,2514.78341,2610.001,2560.9952
"KIAA1324",2,4,1,0,6,2,5,5,0,1,2,1,2,0,2,3
"KIAA1671",2114.00026213,2391.99702,2016.9968,2091.00204,2289.0002,2111.999,2377.0016384,2101.0018,2081.9973,1933.99805,2177.9977,2359.9987,2106.99920001015,2137.9998,2203.9996,2141.99635
"KLC2",0,0,1,2,2,3,1,1,2,3,1,5,2,1,3,2
"KLHDC10",6.90659,3.77885,4.89428,4.96386,7.77325,3.90356,5.9392,2.75655,1.91822,1.93796,1.92949,6.74478,0,2.91822,7,3.7499
"KLHDC7B",598,650,583,667,557,561,590,609,670,467,640,639,618,709,658,509
"KLHL22",937.61921,996.82738,1039.135291895,997.0005629814,1034.24720008887,945,986.984220500823,963.1326,1117.5071,1004.2364,998.0909,1148.554,1068.4595357151,933.0004,1011.67440007245,993.948
"KREMEN1",1716.00464,1746.00279,1850.0004,1661.00273,1924.996391962,1820.9955,1880.0028,1796.00393,1750.00308,1710.9986,1719.99754,1780.9948,1658.003913302,1619.99913,1699.9959430902,1798.0002
"L3MBTL2",681.8326,592.4659,652.5738,606.6309,680.817,695.1687,665.3156,703.1714,536.219,656.14449,660.2893,703.57845,691.1777,621.3472,676.58,529.3446
"LARGE1",1680.99821,1789.5074,1701.9997,1679.99637,1504.9969,1692.996,1644.99661,1761.0018,4923.9868,4836.9891,5008.0037,5208.9966,4882,4928.8608,4766.6426,5103.9642
"LDLR",2.00601,2.01098,2.07492,1.04405,0,2.00606,2,1,2.07148,1,1.00297,2.04625,2.00582,0,1.54108,1.62154
"LGALS1",87.9019,121.9998,130.00004,90.00000081687,119,87.99999,131.0927307017,98,124.58947130771,90,80,138.7064146,126.0002,162.4163,86,95
"LGALS2",111,141,90,108,102,123,155,117,120,115,109,104,105,99,103,92
"LIF",1700.9953,1455.0048,1569.9952,1505.004,1525.9976,1536.9976,1668.9998,1559.0039,1519.9986,1554.9976,1806.9979,1425.0025,1587.9967,1708.004,1524.9951,1535.0014
"LIMD1",15.9637,17.1039,17.1039,11.4026,13.5424,18.2442,14.8234,7.98184,5.70132,6.84158,1.14026,6.84158,1.14026,5.70132,7.98184,7.98184
"LIMK2",1957.99693,2092.99644296,2124.99985,1977.99754,2160.9971,2068.99985037204,1987.99988887,2053.00143,2154.99582,2078.99962,2030.00272,2068.0041,2236.9979,2150.00366099829,2101.000126,2079.00148
"LINC00634",272.99987,295.9999,272.9997,320.0004,294.0001,343.9997,307.9999,324.0002,292.99965,310.00003,290.99972,276.0004,326.0002,306.9996,257.00049,307.99965
"LINC00854",0,1,4,2,4,6,4,1,4,2,5,3,5,4,2,6
"LMF2",1682.5667,1506.9965,1551.0028,1436.99691,1509.0015,1660,1645.9041,1573.9993693,496.9996,505.3565,521,554.0002,563.0596,577.99954,641.9996,637.99977
"LPAR3",0,1,2,0,2.19161,0,1,1,2,2,0,3,1.05065,2,3,2
"LRP10",2.07147,1.03974,1.03574,2.07147,6.21442,3.10721,4.14295,3.10721,1.04442,2.07147,1.03574,0,1.03574,5.16743,2.07147,0
"LRP5L",1045.99947089397,1100.00018322,967.0000233,977.00035,1090.99990747,1012.0005878,1047.000239,1092.99949538,1145.0004146,996.000597629,1035.99945,1061.0002601,1066.000412763,920.9998547012,1151.99946,1155.99978714
"LRRC69",3,1,4,2,7,4,0,5,4.0116,2,1,2,2,2,0,1
"LRRC74B",1032.6836,1006.0885,1034.3296,947.66267,844.8086,949.781,925.25474,1022.9003,1042.45052,1033.7216,1051.1746,966.90232,1024.1204,1143.6741,1082.75839,1058.61943
"LRRC75B",242,290,286,245,270,281,279.245,277.203,236.656,219.677,270,270.416,327.573,287,264.22,258.478
"LYN",0,1,1,1,3,1,2,0,2,1,3,1,3.00116,5,1,1
"LZTR1",873.99983,842.99958,824.99954,943.999869,943.99917,846.978401166612,855.000883,912.999750243469,893.99954,796.9992492177,825.99988,800.000794614,837.99887,893.9997,887.000301819636,840.00003
"MAFF",1840.99947,1954.00054715,1820.000021322,1906.00100028102,1927.99955,1975.9989925171,1794.00000003122,1834.99996267,1849,1958,1985.9950521788,2019.0002257,1748.0004809,1830.999,1835.9997,1810.000789624
"MAPK1",1305.9986,1383.9994,1524.0005,1499.9977,1503.002,1422.9977,1420.0005,1482.9965,1491.998,1332.9992,1594.9949,1389.0007,1657.0014,1454.0023,1548.0031,1318.9999
"MAPK11",477.238,429,458,477.821,540,446.0005,505,550,466.593,448,495,440,487,547,500,556
"MAPK12",318.11359,417.32294,311.6632,329.02626,304.19913,383.57358,402.11669,320.12376,415.86021,361.70551,381.4912,286.52335,344.14697,406.36686,318.34189,347.29446
"MAPK8IP2",1324.9989,1357.9951,1228.0023,1233.0024,1366.0019,1283.00462,1282.0006,1285.9993,1395.9968,1359.9961,1399.9982,1305.0034,1266.004,1358.0023,1393.9959,1316.5893
"MB",644.9996,770.425,670.0003,761.0004,599.9995,752.9999,630.0004,768.0003,762.0008,689.9994,668.0005,677.9996,637.1771,734,659.0007,641.0008
"MCAT",1100,1242.99946,1225.0007,1177,1306.00000022755,1074,1241.000302,1225,3041.003533502,3092,2998.996,2964.00300029966,2831.99995,2770.997,2867.996,2964.002
"MCHR1",1428.001,1414.9998,1553.9985,1488.0032,1478.998,1437.0012,1665.9972,1434.0045,475.99962,462.9997,507.00034,517.0002,500.9998,510.00055,484.0001,467.9997
"MCM5",600.0002,546.53595,457.00023,541.11825,536.5918,513.00037,478.00023,465.17684,508.9995,446.99946819,532.74515,476.00014,537.9996541,566.9996,543.9996,543.0002022
"MDM4",14,14,7.38503,8.43465,16,13,13.7063,13,8,9,5.45292,10.5433,5.11089,9,12,10.9058
"MED15",2233.99675664,2455.6207,2246.7973,2280.99940994,2216.00259395,2224.6411,2402.00050734,2335.00381,1309.99991398799,1284.99994,1217.99977,1487.5348946,1476.55327,1344.99718,1343.55188,1288.191591236
"MEI1",828.00013,798.470600126644,776.09624,791.9995,709.00036,803.00068,863.999609614,763.99954,838.46872,698.0004,789.00046,742.0005,785.00011,797.000036041,863.71046884487,792.999902182
"MFNG",1289.9998,1157.0009,1240.0008,1261.001,1236,1230.0002,1198.9998,1374.00022,1160,1244.999,1134,1246.0002,1138,1179.251,1256.00026,1113
"MFSD1",10,19,12,17,8,13,6,13,9,15,15,12,10,8,16,20
"MGAT3",2073.0043,2046.9963,2015.9988,2044.0048,2001.999,1936.0048,1988.9964,2037.9967,2066.9951,1992.0017,1853.0002,2053.0004,2037.0016,2120.9985,2076.9974,2096.9994
"MICAL3",4368.00408,4193.00661,4043.99879,4251.00366,4184.99147,4206.42513,3918.9615,4215.008,4236.00202,4210.0054,4127.00087,4143.8386,4386.00058643954,4018.99297,4177.99551,4170.99284
"MICALL1",888.9997,1006.9999,852.00026,867.986,909.9998,855,845.99996,845.9997,928.00055,792,878.9997,936.0004,1036.0005,856.0002,826.99995,855.0002
"MIEF1",1112.8907,1170.6072,1151.0581,1012.57657,1059.408,1196.76329,1124.65504,1138.9164,1071.71289,1051.43519,1207.00731,1131.64462,1067.59366,1154.70338,1113.5108,1089.35163
"MIF",390,393.9998,399,323,351,383.2996,415.9998,383,347,392,368,433.0004,450,356.9998,371,364
"MIOX",274.0004,320.0004,308.000300016684,273.0001339,278.9997207063,329,291.99959768,287.9996,304.9996,300.0005,258.9997,326.0001,287,272.0003,267.00045,281.0001
"MKL1",907.998927467293,783.23246,898.99959,809.2015,1050.6475003,958.999695,812.997319002,818.98511,832.99806,987.99641,884.9909,930.000510262598,970.0003,906.0004981,862.99879,889.000103
"MLC1",1486.9998,1450.99930678179,1586.99998,1512.9997,1460.99989,1571.9997,1484,1551.99988,1445.0001,1632.9996,1451.0007,1533.0004,1531.9999,1444.0005,1456,1405.9995
"MMP11",389.13773,437.86118,424.84732,404.708878852463,460.890478,396.56948,477.41266,341.604552,384.17048,361.08896,495.31234,403.3039244,489.4371288736,424.87928,413.76298,420.62308
"MN1",1491.99998,1234.0046,1626.9983,1486.0022,1597.6636,1483.18898,1534.9974,1584.0013,1591.0048,1551.002146,1371.0026,1548.9138,1533.00438,1418.9986,1696.9978,1420.00119
"MOB3A",0,3.0587,2.02935,0.0293482,3,0.0586963,2,3.02935,12,0,0,4.0587,5.08804,2.08804,3.02935,5.02935
"MORC2",1189,1150,1259.99989,1228,1159.00032,1216.0007,1196,1230.0000288063,1183.0006,1307,1200,1140.99994,1251,1195,1280,1192
"MOV10L1",2646.00016,2643.61153,2465.00024,2715.0005,2595.0007,2499.000292,2687.999278,2535.77083,2598.99992,2460.9995,2524,2459.66236,2506.001034,2565.99972,2587.00027658,2728.999065
"MPPED1",548.0004,459.00002,564.99965,576.9998,595.0005,550.0003,506.00021,631.99984,531.00038,489.99963,527.99981,484,455.99987,535.9999,515.0003,501.00005
"MPST",917.9298,854.0003,813.6431,869.9992,882.9993,887.7517,757.9998,856.000300034328,893.9382,774.7648,890,830.7564,855.9998,797.9998,814.9997,912.9664
"MRI1",1.27663,1.27663,1.27663,6.38316,2.55326,2.55326,1.27663,6.38316,0,0,0,0,3.8299,0,0,2.55326
"MRPL40",137.0001,156.0001,105,187.9995,156.0001,169.9999,95,168.9997,191.0003,157.9996,128.9996,181.0002,184.9996,137,224.0003,174.0002
"MRPL48",3,4,3,7,2.93756,3,3,4,0,0,2,4,3,2,1,1
"MRPS17",5,7,5,5,7,4,1,4,3,6,6,5,5,5,7,5.39733
"MS4A10",5,1,1.4306,1,3.96705,5,0,2,2,2,0,3,6,4,5,1.20554
"MTFP1",355.177966,276.53338,354.144334,333.963011189,371.0409,408.4224,278.7549939,392.4384,361.51719,375.9603,304.7530638169,357.3071846,345.98376468,317.4435,363.943389323,397.74036
"MTMR3",5559.998922,5542.00245998788,5108.99697477,5197.0018708,5517.00029,5216.0013,5339.001196,5314.99858757364,5653.000196,5148.00098,5163.9963384,5416.0013,5160.21176016763,5192.004485,5274.999079935,5436.0015624
"MYH9",1511.99900029286,1450.840299,1504.995043,1464.5410876,1469.4971,1530.53815,1542.99708,1497.99694,1538.32424,1525.99572,1402.996576,1521.00395,1469.4798,1408.13603,1444.02335,1607.01158
"MYO18B",1731.001001617,1605.00484913,1717.0038578,1658.00178554,1553.99808,1795.9989462,1850.996321471,1717.9974080895,1726.99545238,1801.003480263,1666.0027978,1750.001601445,1786.999196356,1740.99651,1596.00192054111,1691.9982818773
"NAGA",720.985819,765.98569487,712.9578315,738.9477444516,773.999895,727.89521169,714.9694716,728.99985555,690.99979497,783.888,861.94456647,642.946042205,896.908945,730.829314,758.9646435213,745.000300234997
"NARFL",0,2,3,2,3,1,1,1,0,1,1,1,1,1,0,2
"NCAPH2",1132.0009,1145.0005093023,1095.99988,1108.00135,1071.0005,1115.0002,1063.00069480546,1149.00046264,1038.79544,1065.99987,1080.1181,1087.00056,1130.99981,1082.9993,1174.68272108,1133.99962
"NCF4",603.9996,629.0001,636.00074,572.0007,566.0002,572.9999991661,570.98533,611,576.9996,621.9996,638.9999,711.9999,529.00016,538.0005,601.001000099236,590.00037
"NCOA3",0,0,0,1,1.54414,3,0,0,2.48729,3.26518,0,4.7688,2.58259,4.34146,1.27217,3.12472
"NCR1",9,4.999995,4.999995,0.999995,7.99995,2.00109,2.99998,6.99995,12,18.00915,8,6,20,12,10,19
"NDUFA3",14.1205,5.87875,6.64335,8.14603,5.34762,2.75374,3.72423,8.06707,0.950554,2.45021,2.03563,1.04859,2.27043,1.25919,0.153467,6.13486
"NDUFA6",264.0006,238.0005,241.9998,209.0001,235.9995,274.9999,226.8832,234.8331,268.4726,212,218.9995,224.0003,225,246,210.999,163.0001
"NDUFS4",0,6,2,3,1.86787,0.867872,1.86787,1.73574,6,2.86787,0,1,4,0,0,1
"NEFH",732,697,756,681,672,730,791,752,687,713,732,811,868,664,781,676
"NEUROD2",5,9,6,10,8,8,11,3,0,1,1,3,8,4,3,5
"NF2",9011.00388,8888.004,9203.99896,9308.98697,9331.99,8760.987,9061.99788,9049,9096.92155,9342.98608,9373,8925.0038,8827.971,9031.99736,8911.999,9104.2541
"NFAM1",2684,2949,2826,2741,2810,2756,2739,2621,1125,1189,1098,1032,881,1108,1058,1075
"NFYC",5,1,2,1,4,6,1,2,6,5,2.65785,3,1,3,2,4
"NIPSNAP1",786.0002,834.99981513,822,891.3672,802.999700391081,851.0002,867.8028,773.41872973,826.00012321634,799.99967,748.0004248576,902.999885,894,791.815000697001,884.0002,907.00037
"NMT2",8.6336,0,0,0.205122,4.48201,3.28174,7.48201,7.48201,0,0.975201,1.6584,0.241007,4.24101,0.241007,2.3168,3.6584
"NOL12",2002.9942,2004.0033,1940.9994,1889.997,2121.00465862,2008.0015,1914.00436,1966.0033,548.99957,612.00000508571,586.21514,601.999506,537.9996,486.00033,613.0002,539.9998
"NPTXR",1228.9992,1171.0032,1243.9977,1113.9956,1243.9978,1069.0035,1164.0035,1211.0038,4908.002,4856.004,4630.785,4816.002,4749.996,4668.999,4639.002,4724.001
"NUMB",2,3,1,3,3,2,3,0,7,5,4,6,6,4,7,6
"NUP50",2084.939,1992.9985,2224.0017,2020.8467,1887.9953,1942.9998,1902.3689,2193.4253,2093.9998,1905.588,2097.8477,1991.412,1890.2098,2098.1998,2068.123,1929.99872
"ODF3B",240.31335621,224.1719,229.30182,231.39663,231.1283,240.39647,192.616484,188.5014846,254.5446,199.334,218.2822,179.435235,202.90873,243.2361,224.716694,221.56754
"OR11H1",196.9998,152,174,219.9996,171.9885,147,199.0005,225.0001,140.9998,179.9999,146,198.9999,217.0005,159,201.9301,171.9996
"OR7D2",4.83177,5.00809,3.00485,2,3,0,3.00485,1.00162,2.00323,5.00809,5.00809,2,0,2.00287,6,5.00809
"OSBP2",807.0143,830.99994323,952.9999379436,856.9996,886.00019386,804.8362746087,896.0001,869.999976,877.999772815,951.00007,879.4388,962.0001590509,841.999900557313,890.00014,842.000000014546,893.00026808
"OSM",390.0003,378,425.0003,445.0002,358.0002,375.00027,370.00001,331.9997,377.99954,386.9999,347.9999,420.9998,405.00004,361.9995,399.9996,316.0002
"P2RX6",2120.83958,2369.3367,2110.26390064863,2278.4732,2111.1302,2299.30872,2161.54534,2171.6686,1060.2313015813,1226.1389073,1101.16681,1106.62604,1035.092,1111.40107757,1070.4050481,1179.02795
"P2RX6P",38.206,18.661,32.8105,36.5474,11.8719,34.6715,23.2638,41.4389,158.834,130.885,118.833,127.387,154.026,155.598,140.676,175.971
"PACSIN2",2039.9936779,1973.99677341,1805.999,1862.9958,1914.9998,1966.999882,1967.0044,1774.86025504,4270.0071,4144.0006,4231.9927,4299.002483993,4317.9964,4158.0017425,4153.0019,4261.00660135739
"PANX2",1918.001,1859,1810,1792.999,1768,1875,1817.001,1765,1926,1775,1923,1675,2014,1831,1937,1722
"PARP4",6,5,8,8,10,5,8,10,9.0012,8,6,14,12,7,15,7
"PARP4P3",77,80,94,78,85.9966,77,70,78,97.9988,83,80,64,97,64,99,75
"PARVB",1400.9999,1410.0006,1353.0003,1368.9998,1228.8081,1312.9997,1307.9996,1268.0007,1391.0009,1345.9999,1312,1281.0004,1267.9,1398.9425,1311.0007,1404.0003
"PARVG",1419.00037,1505.6446,1295.2778,1402.99937,1469.2053,1369.9995,1394.99947,1314.843049335,1322.00012648346,1497.00008,1410.99997,1406.00005,1466.00002,1606.97282,1342.8625,1410.99990079762
"PATZ1",2819.999,2909.999,2664.998,2716.999,2950.001,3052,2852.999,2947.999,9838.697,9901.989,9630.992,9845,9757.683,10043.248,9547.001,9851.003
"PCSK7",0,1,3,1,0,1,1,1,2,0.137741,1,2,0,0,2,2
"PDGFB",1060.00084,1088.0002,1110,1101,1068.9997,1116.0002,1074,1041.000227336,1113,1133.9993,1145,1076.00000032051,1219.0035,1111,1094,1137.00044
"PDXP",464,403,464,552,362,423,361,436,472,445,444,409,375,375,375,414
"PES1",1310.14850007361,1433.00000001864,1459.998938113,1477,1553.000593613,1497.070002,1448.9994,1525,1472.9999,1489.0005994123,1351.9995609,1398.1635,1389.99960006605,1489.000083,1523.0008,1427.1971
"PEX26",2431.9985,2406.9965,2582.1864,2429.053,2336.9992,2230.00258,2424.0015,2308.00455,2328.9989,2593.0004,2417.99634,2452.002,2579.99502,2437.57426,2419.99928,2651.99648
"PHF21B",2296.9998,2487.99975,2423.7453,2450.9958,2494.9997963858,2366.9977,2321.70830168311,2592.9966,2232.00010139474,2106.9998,2043.000221601,2069.9995,2051.99950014811,2064.9998,2217.0010519,2189.9993
"PHF5A",196.0004,204.0005,247.9998,180.0003,214.0001,216,246.0003,222.0003,272.0003,213.9998,228.0002,245.0003,229.0004,225,206.0002,212.0005
"PI4KA",1857.30157,2055.4126,1899.608530402,2030.01144,1964.0629,2059.4785,1982.37848,1996.94734,2050.31523,2019.43316,1950.85654,1945.18851,2129.53435,1981.82717,2028.67227,2019.38073
"PI4KAP1",522.26213,574.18537,544.7739,601.90297,673.156,594.10959,612.38687,589.113400095033,520.9445,516.40307,543.5508,697.328,579.86876,585.37141,618.0429933,548.61712
"PI4KAP2",298.40601,302.210500173376,376.68629089,322.21703831,286.176190765,287.9481587,318.73710633649,364.122788016997,373.9476306,305.186500131474,326.17678,215.42483,236.0487245361,300.10904653,249.4632612,293.01857801
"PICK1",1206.6688,1260.0008,1216.0005,1243.99999,1245.00063,1338,1267,1234.0003,1326.99992,1329,1417.00003,1361.9994,1377.0004,1231.0003,1311.00005,1277.9996
"PIK3C3",5,3,2,5,4,1,2,2,4,0,2,4,5,2,1,3
"PIK3IP1",935.464,988.328,914,981,968,984,995,1059,2559.002,2793.999,2852,2686.389,2623,2764.996,2585.999,2709.996
"PIM3",477.99964,458,516.99967,502,502,467,523,518.99961,451,475,536,465,487.000192,501,540,486.99991
"PISD",657.99973,564.9997525,491.1505,485.0004,496.0005,537.0001194,496.00042,439.000569,517.0004412,563.000000031812,533.7511,533.0007010601,523.999824973,478.0002669,491.999959,528.999966088
"PITPNB",525.9998,534.999597318069,545.74976,621,571.99991655,568,593,503.999900041554,527.99981,604.9994,629.991,618.99987,555.999861,601.9996,606.9998,608.00018418
"PIWIL3",4172.9950767058,4419.9960001965,4161.9964299,4117.0000168244,3945.00021995,4317.99800532765,4090.99914221,4169.0065891,4915.005,4914.996,4749.003,4955.999,5030.004,4969.996,4765,5059.003
"PKDREJ",1416,1624,1475,1598,1594,1548,1548,1536,1529,1580,1426,1540,1428,1458,1566,1533
"PLA2G3",577,544,580,661,565,495,516,468,590,542,521,469,511,502,546,499
"PLA2G6",1946.0003,1765.66557,1951.04200026434,1941.00041,1813.0003054181,1771.10192651,1726.45785,1844.6363116,1914.9991778,1811.06527,1880.99930010648,1819.388059,1931.0004043,1942.7378,1731.0003,1884.9996631
"PLAC8",2,2,1,1,3,3,5,5,0,3,1,1,1,1,1,3
"PLXNB2",1349.001970525,1397.565439203,1266.99523794816,1308.99859655,1306.00362587606,1224.88916894,1345.99915265,1351.999336124,6879.99776142,6789.001587329,6846.004808995,7137.62232769073,6986.99912003,6856.05204529,6820.00408006,6982.00174253
"PMM1",251,247,218.802,238,319,263,321,254,308,266,245.766,259.532,224,243,323.419,255
"PNPLA3",512.0004,559.999516523,463.0001788,569.233089,586.9997,572.0001,493.660000095773,574.000419943,567.0001,508,525.0004,496.0002,570.9997,538.9996,620.791613652,633.9996
"PNPLA5",921.0002,961.0002,975.000101838,970.999771,882.999953,990.0001,935.99999585,979.999934,996.00009240493,996.0006835883,885.0008,923.9994,944.00073,904.0007,963.999961,1005.999751123
"POLDIP3",1335.00520002683,1226.99947597,1496.186481537,1352.9999054952,1305.99946849039,1474.362384,1381.9786252601,1311.9995667,3705.00300092702,3865.9973,3654.995,3636.48240060268,3612.8429,3754.996,3722.0034,3674.994
"POLR2F",420.99957,373,445.000000029304,407.0001,486.8204,473.98388,343.00000253986,457.27661,412.0004,410,473.99953,547.0001,439.99989,470,394.00036,382.99952
"POLR2J2",9.61412,9,7,8,14.2894,8,6.40941,7.83789,8.54588,7,9,9.61412,0.491895,0,4.29201,8
"POLR3H",2409.3791,2609.92527,2671.543,2484.5631,2454.7926,2729.2689,2505.3394,2595.0237,2636.4702,2766.3314,2496.8373,2662.4085,2556.4053,2739.6305,2698.7836,2549.3711
"POM121L10P",279.041,221.211,207.722,263.054,231.32,250.938,235.535,209.166,225.977,219.696,213.113,236.756,204.65,231.759,245.241,218.774
"POM121L1P",424.651,460.349,497.31,468.287,468.399,439.4953,453.9903,451.3107,452.163,413.783,518.057,444.467,441.0114,389.826,443.631,440.924
"POM121L4P",277.954,293.948,314.32,348.815,315.166,319.59,342.755,267.983,302.725,391.077,347.657,288.924,313.511,295.664,336.903,336.77
"POM121L7P",250.222,228.056,262.542,302.467,262.308,316.681,212.064,230.899,236.321,264.907,259.304,293.98,268.538,230.725,224.182,280.385
"POM121L8P",168.758,196.316,195.915,197,198.004,185.908,161.877,211.163,209.784,188.067,176.532,192.362,185.626,204.77,179.763,192.404
"POM121L9P",1531.854,1397.514,1445.665,1568.101,1394.045,1546.237,1463.54,1384.044,1526.199,1488.77,1495.643,1529.969,1387.357,1414.016,1346.011,1396.425
"POTEH",383,391.0004,412,347.743,460.998,375.0001,427,404,373.0004,394.948,361.9972,437.992,348.9995,388,354,408.9999
"PPARA",4043.99968,3896.00058,3913.99479951,3952.00844,4117.9942980254,3848.9991,3833.00397,3782.00788174953,4004.30941,3880.99746,3919.9962845,3967.99582,3955.99585,3966.99991,3944.003149,3892.996805
"PPARG",10,9,8,6,6,10,5,9,11,4,3,8,10,10,13,6
"PPIL2",2224.353,2240.08085,2225.4556,2354.527,2067.60440372,2059.099,2194.6849,2232.418,2162.9022,1981.306,2195.2002,2173.01,2179.08435,2007.667,1990.6404,2112.803
"PPM1F",1010.999514,1037.99971,915.9995196,988.00047,990.999979,961.9997513,1179.002374,959.00006,983.99979,1037.997477,1064.00112,954.9995,941.9999,1102.99778,907.9997,1047.00355
"PPP2CB",3,0,2,5,3,1.18783,1,1,2,2,3,5,2,2,1,5
"PPP6R2",3200.4298,3265.994,3104.53820421,3347.448385,3360.321494,3254.44569,3102.49533,3222.54944,3192.553295177,3264.224551,3144.738,3257.06446,3180.74840616953,2975.7527,3256.0145951,3293.40000028433
"PRAME",2770.99886,2979.000384,2887.99997,3025.0004,3061.997,2876.992,3041.998977142,3102.9041736,2346.000226,2323.999,2296.99334314595,2303.9856,2236.98078,2247.001,1993.9462,2270.0012
"PRICKLE3",2,3,4,2.93474,6,7,5,4,1,4,9,6,5,6.94619,7,4
"PRKCSH",0,6.37417,3.37496,3.56956,3.66042e-07,5.92063,6,5.92817,11.1091,6.19154,12.3176,1.97072,0,7.58101,4.16289,0
"PRODH",716.6489,682.3832,731.23189,622.54684,686.1874,692.5829,781.8311,821.5959,698.95978,720.73779,635.5068,736.2236,703.6833,685.0466,659.406,680.421500017703
"PRR14L",6483.0032,6512.0047,6209.999968703,6365.0005,6354.0013,6453.0012,6207.99924779,6385.99801,2228.00494,2183.0044,2124.99540024568,2151.38783748,2045.9974,2279.00382,2101.0000054517,2159.9964
"PRR23C",3.2788,2.86997,3.43633,7.72858,6.74558,0.754843,2.49695,5.57633,3,1.69664,0.736428,0.462193,0,2,6,2.71671
"PRR34",407,372,323,351,422,337.146,342,359,362.15,358,324,401,400,424,330,379
"PRR5",2355.3483,2180.831624,2334.538542399,2404.5080293157,2363.598602,2453.6123,2283.5008025449,2432.3524683053,4034.645395,4155.018214529,4057.1099,3890.58679001727,3955.8885992818,3917.21527,3967.38819,4184.54523316
"PRR5-ARHGAP8",330.61,274.3499,262.677,279.594,259.738,310.943,275.207,334.781,369.895,202.897,367.706,398.5175,219.771,239.843,305.68,283.806
"PTCH1",1,1,0,1.06526,1,1,1,2,4,2,0,0,3,2.05381,1,3
"PTRH1",7.00696,2,5,6,6,7,11,5,6,8,3,8,4,9,8,3
"PVALB",145.999948,160,122,93,134.9999586,129,103.00006,139.00008,82,98.00002,135,97,159,82.0586,116.9998,116
"RAB36",699.3215,808.0004,762.9950296333,723.0001,778.9996,675.99979,821,804.9998,797.5061,785.0003,733.47928,724.00047,709.9997,718.2024,782.99998,819.0002
"RABL2A",0,1.60653,5.08307,1.65676,6.60177,3.43711,0,0,3.22371,0,1.63934,0,0,3.31879,3.29812,0
"RABL2B",3251.639952,3131.2230172811,3118.219418,2995.09172068747,3174.274856,3153.907525762,3144.40947937,3202.81378362,3088.5856,2901.13576,3046.67817,3009.1099,3140.50628,3165.38197,3111.30636,2948.971382863
"RAC2",264.99972,332.36009,341.00034,293.73,291.99993,259.9996,287.00036,271.99978,258.43586,342.00046,280.00021,313.00049,259.00043,275.0005,316.0005,332.99997
"RANBP1",248.0001036,223.27528,261.99964,235.00001,280.9999,205.9999,183.0001,292.0001,1381.3855,1261.001,1221.04443628,1225.08223,1175.85272,1231.5959,1176.0000694047,1215.0227
"RANGAP1",614.00042,658.00005,672.00034,688.99956,577.000358,598,638.99969,576,692.99977,627.99983,588.00033,646,645,563.99971,614.9999,578.00026
"RAPGEFL1",0,3.4108,1.13693,1.13693,2.41421,0,4.54773,1.13693,0,1.13693,0,0,1.13693,0,0,0
"RASD2",721,697,581,669,615,596,503,591,588,644,576,628,561,684,651,682
"RASL10A",327,319,327.916,278,334,260,298,285,323,299,271,267,244,292,304,304
"RASSF6",30,20,21,12,12.9972,19,23.9956,23,11,5,12,10,18,15,16,6
"RBFOX2",8253.00140055467,7872.1116,8219.0012,8596.99940008949,8399.7984,8301.9969660244,8378.98540016286,8176.0028,8172.9993,8337.5124,8643.9954251727,8409.7639872,8411.254,8163.53580045897,8553.8698,8696.99820009458
"RBX1",162.99992,229.99964,184.99956,188.99986,159.99962,176.00046,171.00049,200.00003,199.00021,210.99992,186.00045,209,170.99971,199.99968,213.9997,207.99986
"RCSD1",7.07028,4.99992,7.11334,13.9991,5.99958,4.99988,4.99945,7.99932,4.06256,4.99994,2.99996,3.9999,7.99996,7.99995,2.99992,4.03385
"RFPL1",520.417,528.026,510.541,546.33,495.244,456.495,520.524,489.309,593.181,589.166,492.882,484.815,555.852,507.493,487.043,495.789
"RFPL2",1404.9414,1383.857,1405.2445,1276.4213,1454.7513,1408.436,1324.8238,1427.362,1328.3213,1425.4284,1316.0428,1534.0024,1369.614,1431.663,1390.8306,1320.6786
"RFPL3",1137.745,1207.118,1207.214,1374.247,1314.007,1261.064,1151.723,1277.4,972.498,848.588,845.073,778.182,748.533,822.99,826.126,893.533
"RGL4",609.3672866,690.175900017171,658.56794334,614.06197492,593.518683392,555.32980584674,578.7241,621.934666,692.49073,585.800652847,671.3641,678.136092198,577.3597,624.72830269496,558.531986,550.12885542287
"RHBDD3",354.6834,374.5268,286.7789,386.626,374.5053,355.2602,314.5524,382.0101,314.4503,314.2251,336.2086,289.5665,419.8511,326.2879,389.231,384.7933
"RIBC2",300.9997,296.9996,245.0004,251.0002,296.9999,254.9996,207.99987,309.9995103595,238.0004,265.0003,267.9998,216.0002815,279.0003,285.00035,265.0002,285
"RIMBP3",1160.69,986.494,1030.11,1007.57,1005.4,1142.59,1178.63,989.968,1029.35,1018.84,957.353,1042.26,925.092,1020.19,1035.61,1061.75
"RIMBP3B",389.476,599.068,586.189,432.972,496.556,568.569,595.249,452.557,413.217,475.692,592.959,550.747,431.965,493.291,612.572,356.677
"RIMBP3C",1897.65,1900.87,1725.85,1845.24,1866.55,1699.88,1793.18,1789.84,1847.87,1962.72,1722.25,1865.35,1857,1941.95,1913.21,1930.62
"RNF185",3788.0068,3791.0017,3830.0064,3779.994,3972.999,3978.0022,3943.0081,3751.0069,5482.001,5928.991,5697.9996,5838.0009,5466.1033,5536.9116,5543.9972,5765.9994
"RNF215",1894.3034,1950.7149,1930.47428,1834.676055,2023.9466,1754.7082318622,1918.394,1838.86731,1864.643027256,1998.5471,2018.9084,1975.0794,1774.52710191495,1882.06939,1949.97096,1911.5261
"RPL23AP7",0,13.2561,7.88105,33.0757,9.30212,11.5198,5.51772,32.3108,41.2983,5.56312,16.0266,0,34.2511,17.3357,13.2824,5.88095
"RPL23AP82",730.2814,651.2776,569.0862,640.0904,568.3412,586.5648,709.485,704.1182,464.6798,530.516,563.8948,591.4796,548.5548,484.6132,456.3496,445.2672
"RPL3",429.9636,532.47797,494.46184,434.13034,483.54941,481.8205,436.493090227336,462.59083,445.75184,522.051,465.15302,429.7723,516.5076025149,504.96729,431.1802,562.2938221868
"RPL3P4",47.5813,60.8117,50.7567,68.2579,51.6625,49.7747,52.1195,32.2456,17.8397,38.9412,31.608,43.3569,63.5409,45.5353,57.2638,41.8101
"RPS19BP1",199.092,170,220,181,177,169,206,267,199,161,160,167,151,206,167,196
"RPS29",5.7883,2,4,4,1.53457,3,1,3.74418,5,1,3,2,1.54283,2,0,4
"RRP7A",826.804,778.488,837.8771,711.2794,886.71145,699.508,897.078,726.4141,758.29882,722.55507,800.811000110789,802.555,754.717,771.85472,846.957,763.812
"RRP7BP",360.5511,412.4112,422.5058,385.55118,440.26103,398.9399,502.508,420.2251,444.3229,390.723,386.0756,417.0752,391.6467,457.857,453.7911,447.8521
"RSPH14",293.876,270.2467,249.7291,227.198,282.4043,254.6556,238.9413,201.7007,246.3642,290.91,315.6107,290.1678,304.3945,319.3547,278.2467,265.4123
"RTCB",463.99975,463.9998,400.0002,439.0004,496,456.9998,392.9997,452.00017,370.00001,383.0001,351.9996,456,459.9999,378.99959,436.00022,408.0002
"RTL10",1417.9576,1317.02068,1410.4292,1378.51406,1269.06079,1399.36775,1238.45721047,1377.59841,1476.82008,1378.38148,1351.28676,1237.69499,1247.1593,1384.141,1244.575279,1348.59810693864
"RTL6",1040,1085,1106,1084,1003,1188,1118,1026,1131,1149,1116,1028,1053,1219,1164,1013
"RTN4R",388.0000531973,379,430,373,407,383.9997,309.000061,385,368.0005,383.00064,412.00012,328,377,338,451.99962,453.9995
"RWDD2B",11.7234,12.7195,7.72337,2.61684,5.44674,8.44674,4.72337,14.6168,5.99161,3,7,4,6.1701,11,2,4.44674
"SAMD4B",6.47698,8.61041,8.63598,7.55648,3.23849,12.954,7.55648,10.795,4.31799,5.39749,6.47698,10.7883,5.39749,7.51706,7.55648,9.71547
"SAMM50",283,381,367,384,276,324.47,388.581,363,351,396,376,356,392,413,373.652,412
"SBF1",1631.99893,1599.996995,1580.46327,1551.22483,1591.670221105,1482.0035752,1609.97381,1523,1445.44056,1625.00273,1428.2257,1609.93205,1631.2420756124,1590.2477,1531.99671071964,1654.46601
"SCARF2",1286.9995,1326.46437,1297.507,1332.9984,1365.8838,1401.0006,1377.9345,1275.00429,1199.261,1368.723,1309.7456587,1327.135377823,1393.861,1396.9992,1384.943205175,1245.818
"SCO2",1342.0771,1288.3208,1115.1185,1130.9116,1160.4608,1242.1216,1173.9887,1163.5102,1255.64132,1192.326,1246.998,1259.7623,1289.7624409,1157.3686,1305.0897,1380.7764
"SCUBE1",835,876.17,741,717.027,703,796.435,879.388,757,779,746,861,714,830,917,826,845
"SDC4P",82,102,124,84,85,64,88,79,85,87,106,64,147,94,96,95
"SDF2L1",221,160,162,218,156,149,183,192,187,180,169,190,166,250,129,182
"SEC14L2",1793.512294941,2053.5364416,2190.947404,1860.3088,2065.25640478583,2088.4538,1970.56705,1858.0886476,1805.3175,2126.1824951097,2054.1141,1695.31052,1930.7077,2178.421366,1877.4009,2176.5342760332
"SEC14L3",1780.99906,1739.9995,1768.99961,1686.00089,1694.99999,1588.999358,1740.99667,1725.99892,3615.9997,3718.0074,3601.9997,3689.9926,3683.9992,3874.9985,3755.9933,3831.0045
"SEC14L4",923.7979,840.6094,897.0085,906.1705,896.5192,901.5921,875.1971,821.78,869.9809,1011.6045,1003.5265,891.7125,959.3148,919.8093,926.279,908.916
"SEC14L5",10,12,17,20,10,16,3,8,10,22,13,11,10,7,12,15
"SEC14L6",282.2026,297.3903,181.9912,227.8294,245.4817,262.4081,227.8025,267.2195,287.0187,275.3955,252.4736,254.28784,235.6849,254.1902,215.7213,245.0843
"SELENOM",148,151.99997,176.9997,166.00028,153.000156161,158.00018,146.00042,180.9999,141.9999,141.9999,130.00011,153,106.999704,162.0003,144.99987,140.0004
"SELENOO",497,440,422,494.000000018451,402,512,467,422.999640297,2681,2623,2528.0031,2695.9986,2572,2562,2323.0048,2604
"SEPT3",3841.0017,4046.00539037,3580.0001,3882.9991,3777.0043,3594.9955,3992.0029,3770.997776,1306.0003,1395,1470.9998,1450.00000033898,1288.99953,1426.0001,1261.999566442,1512.0026
"SEPT5",1095.56484,976.21929,1031.07853016332,1035.70505,1073.86762,1165.39012015814,1210.9508,1049.38569,1140.6968987,1075.100822,871.7431,1164.58796,1109.2892,998.04686,1129.26661,1122.91185240694
"SERHL",322.3387,261.58291,382.37386,306.09446,266.37027,266.74495,218.8299,339.06565018,309.69412,305.1902,345.28527,317.57143,370.01093,282.95629,287.0746,260.36400216046
"SERHL2",432.3055,352.5171889,378.2427,391.0754,327.657498418,369.80690085201,339.19006452,438.2945172948,314.105366387,312.531,323.823629,390.9522,260.6256,396.55790798438,348.406244,384.97104
"SERPIND1",502.9998,431,451,370,442,466,424.0001,454,428,374.0004,427,453,410,487,446.9996,407.99974
"SETD7",2.08979,0,2.35746,0,1,4,1.17873,0,2,2.10093,0,1,1,0,0,2
"SETMAR",13,26,29,12,21,21,22,15,20,21,25,23,13,17,16,18
"SEZ6L",11015.001,11065.999,10965,11090.00258,11153,10658.0021,11139.006,11098.998,7871.897,7834,7466,7858.002,7684.79,7725.997,7558.99932,7729.999
"SF3A1",2019.66008037,2113.3598,2013.59829,2067.68367,1940.50046063642,2030.14438,2081.77297,2088.0362844027,2105.22803,1989.2024,2052.55402,1988.9316,1882.84807,2069.553242,2141.4283975824,1948.76549
"SFI1",4019.54950027829,3936.30382,4135.2202,4279.4885,4270.7319,3971.09855,4182.9272,4015.60641,4089.74064,4247.9727,4136.76953,4010.94157,4161.04083,4203.427103,4020.91195,4052.20637204125
"SGSM1",7706.001,7785.002,7564,7757.995,7754,7664.998,7608.002,8117.003,4641.996,4530.005,4759.996,5076.004,4662.003,4957.002,4866.004,4840.997
"SGSM3",598.60997,477.00027,595.99997,623.00043,558.27923,543.44623,605.66547,584.000048636,571.999830809874,554.473058,538.99983,560.5168,590.966230182479,639.10092,493.50793,576.461
"SH3BP1",522.99951,554.0004,483.00041,577.99964,586.9996,553.9996,504.00000349012,496,520.99907008478,607.0001,491.00002,492.000291,524.0004,511.99998,547.9996,577.9995
"SHANK3",1418.00000001306,1452.9998,1430.998811178,1456.000026815,1327.0000151342,1476.99902,1426.9995,1418.9996,1456.99914,1490.00070001496,1580.9991,1518.99929,1378.000764171,1427.999716,1296.0009,1474.9993
"SHISA8",303.9998,315.0001,248.9998,238.9996,304.9995,237.9996,257.0001,287.0004,321.9999,272.9996,323.0002,255.9999,260.9995,310.9996,261.0002,257.0001
"SHISAL1",1233.89,1303.94,1289.93,1224,1238,1395,1303.94,1170.85,1323.96,1235.89,1329.96,1390,1317.95,1548.99,1280,1362.98
"SIK2",0,1,1.00048,1,1,0,1,2,2,2,1,0,4,3,0,0
"SLC15A2",1,4,0,4,4,1,2,1,4,1,4,1,1,0,4,3
"SLC16A8",346,401.99984,444.99984,352.58432,393.9999,402.99994,360.82574,391.00032,394.99957,316,385.208,391.00029,441.00039,344.99966,373.99979,376.00002
"SLC1A4",4,1,1,2,0,1,0,4,1,1,3,2,1,2,2,4
"SLC25A1",1112.000061,1265.00064,1250.9995521,1338.9990115777,1271.00058,1311,1330,1246.00041,2326.996,2448.00201,2495.0001,2607.998,2349.9979,2402.99623,2600.00086,2409.0014
"SLC25A17",371.99975,415.00025108,454.99965,399.0003144516,523.99954125,437.013145504,440.00010017784,446.9999663327,442.04436,502.00042,493.99972,511.00007,497.00024,456.99995,417.99616,497.00019
"SLC25A18",393.9998,457,402.99992,447.9996,458.7305,437.9997,417.9995,424.466826,373,449,337.00081,399.9996026,367.00038321607,351.999637,391.9995,417.00033
"SLC25A44",5,1,2,2,2,1,1,0,0,2,1,2,3,1,2,0
"SLC2A11",2409.12114,2301.001628,2298.9982066,2423.10142,2266.00682,2341.11402232172,2340.91706,2543.11002,1440.00028,1194.00078,1357.00018015878,1597.45442,1451.99946,1423.00024346,1418.00006197776,1297.31546
"SLC35E4",532.0099953,470,564,483.22803,496,517.1181,527.349,503.60635,490.000185994,487.30536,491,593.2795,532.000000202678,469.5496,507,533.000432761
"SLC5A1",1872.9975,1838.0036,2039.9989,1932.0022,2023.9994,2002.0001,1837.9995,2034.9992,2039.9967,1949.0005,2067.004,1980.0034,2071.9963,1895.9975,1982.0042,2062.0031
"SLC5A4",416,467,366,379,364,405,470,467,388,391,367,419,425,432,425,409
"SLC7A4",525.95032,479,422.923,440.977,526.0003,454.9052,460.937,528.8908,469.934492,489.9753,534.9995,451.987,459.88205,454.99985,485.05,479.0002
"SLC9A6",2.22207,2.16827,7.04887,5.43044,6,3.0677,0,3.07183,3.89085,3.21613,2.52963,8.02195,5.98781,0,4.41208,7.9721
"SLCO2B1",0,5,0,0,4,4,2,5,2,1.38777,2,5,3,1.00802,2,3
"SMARCB1",617.84706,685.9998,739.295,617.37304782075,684.999736,678.683509544,708.42400245416,659.0006,687.620220452194,703.0604,621.78038,639.3358,673.3679,667.7065,752.43970145294,729.3599
"SMC1B",840.0003,795,786,878,787.9997,831,929,823.9998,916.9998,896,809.9999,830,844.0001,801,897.0003,939
"SMDT1",310.5464,287.946,349.0001,366,322.9998,287.3555,311.0001,291.2395,276.8248,369.0001,375.1926,287.9687,305.7828,352.0002,416.9998,305
"SMTN",3213.99986,3246.133134,3356.59316,3288.15258,3349.15511,3192.99923,3210.999519105,3075.80998,3367.0010758,3337.67099,3453.306109442,3350.00089,3413.13619,3266.00972,3186.026767,3395.12896
"SMURF2",1,1,2,0,0,1,0,0,1,1,1,1,1,6,3,1
"SNAP29",778.0004,832,767,823.822,843,858.99975,925.528,872.00000397352,846.98423,800.20442,929.34126104,902,853,738.0002,743.621,819.99996
"SNRPD3",298,361.99955,298.00003,299,330,272.835,338.0005,320.99989,296.00035,356.00005805,321,254.7223,292.9998247,384.0001,296,320
"SNU13",721.0001,592.9992,630.9998,643.999987,627.0000204,637.0003,736.99999,634.0001,621.9594,685.00048,575.0001,631.0002,597.9999,636.0004,586.9993,661
"SORL1",9,7,6,6,4.00901,10,9,10,5,10,8,6,5,6,13,6
"SOX10",892.000332488,743.00033551,892.0000342766,897.999960041995,843.0000389,828.0002,875.00007,868.99976,478.99969048,583.000314539,536.0004731301,559.9998798,522.00033607,559.000220316,566.999843,578.00010553753
"SPACA6",3,5,8,5,3,4,2,7,1,0,8,6,4,6,4,2
"SPECC1L",4773.9965,4861.0002,5065.997089004,4856.00135,4946.46912,4677.4334,4585.9997,4864.7033,4769.0005185,4723.992,4902.9976,5133.992,4757.625908,4943.8617,4876.0001,4932.998
"SPECC1L-ADORA2A",0,0,0,0,7.12122,7.17803,0,14.5964,0,0,0,0,6.87827,8.0609,0,0
"SPTAN1",5,4,5,5.00215,8,9,4,4,8,6,8,10,5,3,6,7
"SRARP",0,5,1,1,3,3,1,2,4,1,3,2,0,3,2.15694,3
"SREBF2",1122.99812,1005.9999,991.62668,1116.0045,996.99987,1154.0003,1045.00059761,916.9998,1069.99735,991.99936,949.000184,1071.00344,1150.00158,1056.9999,926.00003,1107.002697
"SRRD",243.2504,239.5567,259.4941,243.9712,293.4006,234.3435,210.9291,249.1209,263.3168,263.4381,280.2984,216.6276,215.7306,239.5294,287.6868,200.8472
"SSTR3",677,951,872,797,754,852,869,956,769,864,776,750,864,823,795,878
"ST13",694.76416,658.9717,740.99985,634.9995,670.9998,677.00055,566.99992,752.9997,671.00025,808.99998,691.0005,687.999654,676.00041,736.00009,700.96378,699.9237
"STK3",17,11,16,17,16,8,18,17,23,16,10,18,19,14,13,13
"STMN1",0,11.0052,3.57649,8.47542,1.9092,7.04637,2.19332,2.19332,2,0,0,1.34111,0.763565,1.42913,0,0
"SULT4A1",452.991,558,432,528.967,456,481,491.072,441.712,511,478.074,503,448,517,549,498,456
"SUN2",2281.5699,2522.999,2425.993,2324.48718,2518.9991,2380.00343,2406.82256,2429.4969,2422.6475,2234.755,2298.73092,2405.5349,2556.843,2411.0579,2303.0045,2390.51469
"SUSD2",590,674,690,623,644,644,662.527,643,665,560,699,654,615.562,653,650,723
"SYCE3",80,102,105,56,78,95,71,70,77,92,91,83,83,67,89,71
"SYN3",1838.0008,1862.005,1792.0023,1747.1433,1744.00133,1751.001685,1768.9999299527,1775.821,1707.999059,1783.0049,1939.7687,1736.00210891552,1755,1835.9974466,1711.0003,1835.996
"SYNGR1",1427.99974,1484.9992,1306.99938,1396.8543,1500.0004,1463.0005,1410.9998,1371.0007,1997,2224,2119.00043,2275,2148.0011,2364.999,2310.8532,2312.999
"TAB1",1165.99992,1103.9998,1137.0006,1227.9995,1123.0003,1186.0007,1175.99972,1184.9999,1228.0002,1260.9998,1284.001,1179.9999,1283.0005,1167.0005,1290.00015,1228.9998
"TANGO2",562.073279,407.9885,518.9978,491.1326,455.9981,452.0005,390.78665,346.50552,434.0004,438.57334,423.5988,512.00008,451.9981,465.9998,407.0003,416.2517
"TBC1D10A",764.0003,689.6954,870.0001,810.6827,786.0202,795.6791,758.8433,748.6905,744.7187,770.2952,764.0004,805.4959,744.9997,738.1514,733.6342,810.9998
"TBC1D22A",710.999600016823,760.9998,794.999620039625,755.000024351,773.000000575053,848.9999282665,721.9996,719.999871,756.9998,697,710.99999058,628.00000951279,854.99955508,783.00024,792.0003,761.999800016243
"TBX1",1101.978,1083.978,1084.961,1002.949,1097.974,1084.95,1127.981,1140.932,935.948,1040.977,1060.981,949.999,1077,1006.955,971.961,954.957
"TCF20",2870.6192,3032.9997,2756.9974,2911.9972,3099.2346,2905.99694,2935.001,2883.5612,3008.3259,2979.2098,2885.0014,2883.049,3004.7832,2724.5784,3097.003,2862.893
"TCN2",1792.999,1515.9996,1701.9995,1624.8815,1660.0003,1684.9994,1582.9994,1497.9998,869.9999,879.0009,809.9995,945.4914,727.999,770.0005036259,750.0007,806.0003
"TCTN1",1,0,1,0,0,2,1,3,2,2,2,1,1,0,2,2
"TEF",1933.0006,1716.9997,1848.0007,1838.0007,1635.0009,1794.9996,1754.9999,1931.9984,1728.9993,1697.9999,1665,1640.0007,1887.0018,1630.0002,1783,1670
"TEX33",400.9998,392.0002,333.9994,380.9999,539.0002,362.0004,405.0007,448.0001,454.9997,341.9996,391.99982,432.9998,446.0003,395.0007,385.00003,365.9999
"TFIP11",1154.74948099999,1172.44346,1367.5056257,1166.00856,1173.599294,1181.65717,1270.04093260334,1141.87981,1270.610276,1277.560204,1164.7012625694,1154.564852317,1097.2700134592,1151.470357,1112.313056189,1089.4495967237
"THAP7",490.0005,507.9998,518.0005,574.9993,572.9994,537.0003,577.9991,655.0001,589.9998,522.9997,577.9993,523.0001,507.9998,553.9684,651.9999,538.9995
"THOC5",2178.7933,2001.0013,2076.7223,2139.977,1962.9991602794,1950.99887409,1953.0004,1959.74207228,2066.9998,1958.9999,2041.32894,1841.8486,2112.00111,2275.99850002517,2091.00126,2177.000538955
"TIMP3",935,987,1050,978,1043,929,947,913,958,922,976,959,1045,917,987,1021
"TMEM121B",1817,1814.002,1789.005,1680,1677.996,1944.996,1774.996,1915,5062.004,4806.004,5044,5247,5032,4945.996,4990.996,4942
"TMEM131L",2,1,4,1,3,5,4,0,2,3,0,2,1,2,4,5
"TMEM184B",2217.9999,2092.00394062264,2257.0003,2487.9966,2184.996737,2218.0002608,2159.0001,2193.6063119,2175.9998,2241.002,2396.999996,2212.00025,2164.98891,2216.000222903,2182.999,2261.00008
"TMEM191A",400.49967,339.071,360.989,496.6787,379.072,390.1774,351.7979,393.123,453.7063,386.37075,384.0714,375.59,462.13,406.61406,407.3900744446,434.57001
"TMEM191B",337.5274,288.0377,296.5169,283.94586,261.3114,226.34521,283.9966,345.0824,248.95905,237.89682,189.69021,275.4988,230.43449,275.43739,276.001,251.68225
"TMEM191C",216.973,302.89086,255.4589,223.291,319.617,219.0080475593,184.20499,223.7244,218.33428,230.732,301.2385,211.9199,285.04856,170.866,214.609000748283,263.603
"TMEM211",97,108,115,102,86,99,97,106,98,110,59,103,84,96,95,64
"TMPRSS6",2395.0034,2146.997,2113.0027,2179.0017,2130.0047,2261.9926,2465.10997,2335.0025,655.9997,661.0006,524.00028,695.00045,553.99970224,636.99972298,626.999625562,673.000157
"TNFAIP8",2,2,0,1,2,1,0,2,1,1,1,3,1,0,0,1
"TNFRSF13C",226,155,194,128,223,118,211,196,190,161,184,226,199,212,163,195
"TNRC6B",19675.0343,19299.032060923,19252.979774,19565.0505,19292.9811,19373.0099,19444.0043,19746.012965942,21477.0261,20501.0483,21050.9732,21127.9686,21244.05166,21155.000800107,21217.98658,21074.03551
"TOB2",897,935.9997,928,872.000497,892,916,943.99979,859.0003,886.9998,896.0002,858,911.0005,1047.0023,964.9995013,897.00019,985.9996
"TOM1",2928.00229,2885.91470916,2875.00013,2783.999401,2696.99911,2909.9642,2857.9944,2750.9993721,2965.0035129404,2907.0005166,2688.00083,2778.99996,2964.00146,2832.999054121,2834.99932251651,2811.0006842178
"TOMM22",272.9999,303.9999,248.0003,286.9996,288.9996,267.0004,193.9999,395.0001,256.0004,306.0003,332,251.0001,313.0002,289.0003,274.9999,269.0001
"TOP1",433,479,428,466,471,358,495,390,193,183,142,169,182,168,167,175
"TOP3B",715.86857272,546.99987,618.999734688159,630.99987,589.99956513,658.546570017366,635.000212086059,657.99969964,597.9997004428,608,520.00006,601.999714,657.000300014358,561.99994707,710.999770075229,621.999731808
"TPST2",856.999845493,653.99962,742.003300246765,872.00332444,699.99962,901.00035,933.999710042754,869.000078,749.999873882,745.99997,863.99958,745.99952,724.84082,699.00022,799.0005351898,778.00036
"TPTEP1",263.00046,280.26183,247.00039,261.82849,263.00021,266.17241,308.99965,305.99997,275.3747,322.9321,332.98738,276.9999,330.67847,300.89247,265.89623,281.90064
"TRABD",475.00071494,415.0000133092,456.000697002,481.999062,407.000000021957,549.999714,461.000224,424.00032,441.9993124,489.99980705263,433.000000134112,394.383006331964,446.00015,494.999840496656,436.99988,507.9994655
"TRIM44",1.00195,2,2,2.00176,1,2.00179,1,2.0016,3,0,2.00291,1,4,1,3,6
"TRIM52",2,0,0,10,1.63841,0,3,4,3,1.58641,0,4,4,4,0,0
"TRIOBP",3282.99615,3240.9989,3297.0022,3316.9973,3312.0001,3176.0027,3218.886919464,3282.00117353,3270.994204418,3523.996828,3090,3417.00263759,3312.9972,3134.0006483,3213.997,3334.004
"TRMT2A",1961.00037151,1758.72782,1836.99832,1774.13921318385,1812.001290988,1764.0022708,1781.996911719,1815.9902257502,1782.61180077724,1699.00154,1663.077877,1599.91834697153,1893.81325553147,1829.3657,1707.0047308,1751.97682
"TRMU",378.99911,351.0001055,372.0002,311.9998048212,420.00017971,358.257,401.9997,367.9997,393.99969441228,494.29794,376.9998,393.9999,420.000598,383.0006,417.999697078,510.99979
"TSNAX",3,1,2,3,4,4,4,1,0,6,5,2,2,4,2,3
"TSPO",749,865.001,799,713.0001,730,670,698.0001,772.001,731,648.0008,770,814,708.0004,726.9999,679.999,758.0003
"TSSK2",314.236,351.43,404.845,445.514,405.002,413.609,404.227,387.171,376.067,426.913,393.609,465.676,361.508,397.07,410.394,421.749
"TST",396.00043,485,449.9996,416.0005,408.9997,444.9995,497.9999,437.9997,551.0001,461.0001,442.9997,414.0003,440.0005,456.9996,443.00008,471.0004
"TTC28",2423.002,2542.004755,2310.003045,2564.0021,2438.0047,2532.00462,2464.99838,2289.0001,2445.23871,2520.99728,2429.00331,2459.99576,2562.99933,2542.004,2480.002,2376.9986
"TTC38",504,461.99973,435.897,489.999999,551.999987,566.00023,579,548.999649,578.99992,547,534.99996,527.358,427.9999,426.99979,475.00008,483.00021
"TTC7B",2,1,3,1,4,4,4,3,5,2.99797,3,7,0,3,4,4
"TTLL1",640.000000014877,568.00056,740,667.999612302991,775,626.000000011359,676.99974526,711.9998,744.00008,621.0007881,823.00013429,674.000135181,721.00000973891,701.0005,707.0001051,728.00000233237
"TTLL12",705.0005,613.99997,707.99966,599.9996,626.99951072,729.00043,637.99964,747.0001,527.9997,592.00048,638.99955,635,751.0001,630.00018,641,685.00036
"TUBA8",933,877,671,870,756,848,878,816,756,792,772,771,845,923,765,832
"TUBGCP6",1261.9997,1263.00032,1128.99979,1164.00027,1313,1074.5127,1228.9994595,1223.0006,1141.99970100514,1119.00017,1234.0003,1014.99939,1051.99988,1246.9996,1281.99984,1152.00008
"TXN2",259.9998,297.0004,315.0001,231.9997,293.9999,293.99998,322.9999,275.0004,272,294.99984,249,286.000207,274.9994,348.00008,231.9997,226.0005
"TXNRD2",312.649537212478,443.337835077,359.963494116406,418.56230028217,390.479750320781,380.6407,369.93325,414.530436755169,1979.728451,2085.8825611,2195.2573282,2105.028169,1937.721667815,2051.44251934646,1816.3416153,2014.5391
"TYMP",1662.61,1744.507,1650.581,1707.692,1737.41071,1723.48051,1734.39437,1670.989,3230.81032,3059.33502,3237.71673,3088.79748,3202.32522,3140.394,3241.19197,2956.65379
"UBE2L3",3125.122,3211.565,3004.846,3082.172,2947.5,3101.966,2867.935,2950.638,3015.551,3217.745,2852.439,3057.538,3024.946,3197.333,3108.258,3364.954
"UFD1",631.9994,792.9999,639.00023,682.0003,753.9997,727,702.9998,706.000811,674.9999,740.99987,651.9998,718,745.00027,690.00084,647.9998,718.00022
"UPB1",538,428.0002,491.9996,506.9997,471,443.0004,487.0005,458,406.0003,494.9996,412.9996,392.0002,445.9995,405.9997,436.0005,443.9996
"UPK3A",338,387,302,317,323,367,376,403,396,344,373,394,397,385,353,356.9995
"UQCR10",425.0002,360.0004,419.9998,379,398,312.9995,336.9996,408,388,450,416.0003,388.0002,415.0001,337.9996,444,452.9996
"USP14",6.80177,7.5546,5.92742,6.86316,9.48387,4.74194,14,4.74194,22.0656,23.7097,22.5242,23.7097,20.1532,22.5242,11.951,20.1532
"USP18",301.307,415.804,433.882,397.725,377.638,420.825,450.956,411.786,392.703,348.908,374.625,430.534,457.986,300.303,376.634,348.512
"USP41",13.6931,19.1965,14.1181,18.2749,21.362,17.1747,16.044,18.2139,25.2967,11.4669,8.3751,26.1326,20.0135,11.6975,17.3664,17.4884
"USP8",2.00046,3,6.12231,5.00037,7,2.00012,4,3,3.00017,2.02219,5,3,3,5.00031,4.4031,1
"VPREB1",108,120,159,157,136,160,139,143,109,125,97,196,103,155,156,125
"VPREB3",116,110,182.0002,107.000000341087,117.0002,89,125.99984472,135.99991112,87,110,105,129.0002,130.00022,103,120.0002,87.999955
"WBP2NL",470.01435,429.01492,478.042,537.05188,409.9996,507.1048,458.03112,427.00051,511.99978,442.111368494,534.05475,519.0543,359.09109,591.1705,505.03589,507.99998
"WDR31",4.85858,9.09474,4.5513,2.22316,2.19175,2.20067,1.45691,4.44726,0,2.31487,2.24419,4.4833,3.93856,0,0,2.29364
"WHAMMP3",1,3.24829,5.00834,2.00346,2,0,4,4,4,2.16553,8,2,2,2.03651,9,2
"WNT7B",777.0003,830,735.9998,754.99989,802.9996,783.9998,668.9923,694.0001,847,746.9995,755.99989,878.9997,786.9999,861.99965,778.0002,781.00008
"XBP1",683,757.0003,743.9997,783,802,766,723.999,785.9996348787,2134.003,2279.996,2321.002,2318.997,2332.997,2245.9967,2433.005,2444.0001
"XKR3",371,317,311,285,329,356,299,319,340,360,320,279,287,367,309,388
"XPNPEP3",1865.7660646463,1728.82691,1977.50048,1766.78413,1889.172,1940.98652,1871.32923,1758.851,1891.04536,1808.42287,1799.16776,1818.4776432,1782.51454,1847.386275,1935.25023,1747.95142936
"XRCC6",425.00002,387.00031,414.9347,402.0001,428.9933,473.963,404.8741,433.9992,449.00025,463.9994,544.99652,486.0006,437.77492,384.9965,417.9994,435.9998
"YDJC",924.0003,712.000000365867,713,836,816.459,822.955,825,888,243,184.9997,331,305,246.99968824,266.0003975,286,240.000000022215
"YPEL1",698.32154,677.9196,648.5054,736.1082,608.3943,681.3406,646.3149,614.4898,542.21742,723.6951,599.7985,716.9895,658.9158,616.3327,641.3589,709.196
"YWHAH",311.0004,354.0003,337.9998,361.00008,450.0002,354.3602,366,341.0004,320.9997,358.0001,330.0004,322.9997,361,306.99976,341.0002,350.7248
"Z82190.2",8.86416e-07,0,0.000162379,0.000215206,1.33477e-05,0,0,1.78209e-08,10.3624,0,0,0,4.07369e-05,0,0.000350757,26.8163
"Z98749.2",100.99995,110.6942,134.99972,101,111,101.9564,119.999900021437,88.00006,97.000001001,71.068,79,84,128.3212,123.10738,106.10404,118.09931
"ZBED4",1359,1375,1336,1319,1348,1265,1451,1327,1349,1312,1420,1208,1401,1347,1396,1254
"ZC3H7B",1104,1114,1168,1163,1111,1096,1223,1187,1174,1106,1197,1140,1210,1246,1101,1197
"ZDHHC8",1683.2974,1706.9980317154,1637.57623,1618.9968,1575.0004,1679.3042,1688.9963000297,1544.99970052626,1661.00061,1603.00064075,1634.9996,1603.0004,1831.00111,1754.6101,1559.9997,1653.5805
"ZDHHC8P1",1774.70488,1763.96802,1831.424,1854.99966,1764.00112,1643.6935,1697,1630,507.0009,547.0008,533.9993,461.000978,504,510.3892,413.00002,529.39641033
"ZMAT5",387.8888,399.9248,438.0027,349.5265,364.97722,479.7109,461.4234,344.0316,392.5267,386.0148,394.3781,334.436,425.9307,358.5872,305.56811,368.1603
"ZNF26",1.68561,0.653151,0,0,3,1,2,0,3,1,2,0,0,1,1,0
"ZNF264",6,4.00176,4.00151,6,9,7,3,9,2,7.00296,5,8,5,6,4,2
"ZNF280A",422.514,430.532,391.508,430.982,345,441.07,350.97,357,465.148,344,387.926,406,403.622,394.42,415.012,456.544
"ZNF280B",1147.4855,1091.46800167464,1095.4921381632,1260.01804,1119.99954824,1184.9300355132,1063.03108,1282.99974,992.85206,1159.000577704,1269.073854056,1230.000612,1055.37800778742,1260.57934,1148.986102,1239.45615712
"ZNF326",3,3,1,4,3,1,3,2,3,3,1,2,3,5,2,2
"ZNF444",7,2,1.00088,2,2.07075,2,3,4.00177,4,3.00265,3,2.05537,5,5.00392,4,5
"ZNF557",5,2.04434,4,4.08867,4,6,4,1,0,4,2.04434,0,2.04434,8,2,0
"ZNF687",7,4,2,8,2,5,3,3,8,12,16,6,5,12,7,11
"ZNF70",764,728,839,780,771,754,693,826,685,694,766,753,731,800,731,809
"ZNF714",3,3,3,0,3,2.00034,1,1,1,2,1,0,2,0,0,1
"ZNF74",3966.9960848219,4005.997,3832.99642059417,3902.99300024162,3604.999,3490.99901430393,3813.87204,3828.90417,6093.99900079334,6366.8734,6162.9990159087,6045.84050117635,6341.87000087819,6503.84081014179,6181.9990214229,6484.9989529675
"ZNF786",3,1,1,2,2,3,3,1,2,1,0,0,1,1,1,1
"ZNRF3",2645.0040317307,2556.83,2653.9972,2428.9980115175,2779.998937,2588.00100023122,2468.9984,2641,2613.9989,2664.99752,2619.9983,2638.997495,2686.9953,2555.0042,2772.99600478417,2665.998418
"ZSWIM8",8,3,7,12,6,2,8,12,6,6.88692,3,4,4,7,6,10
