"Gene.name","converted_sample_01.fasta.fq_kallisto","converted_sample_02.fasta.fq_kallisto","converted_sample_03.fasta.fq_kallisto","converted_sample_04.fasta.fq_kallisto","converted_sample_05.fasta.fq_kallisto","converted_sample_06.fasta.fq_kallisto","converted_sample_07.fasta.fq_kallisto","converted_sample_08.fasta.fq_kallisto","converted_sample_09.fasta.fq_kallisto","converted_sample_10.fasta.fq_kallisto","converted_sample_11.fasta.fq_kallisto","converted_sample_12.fasta.fq_kallisto","converted_sample_13.fasta.fq_kallisto","converted_sample_14.fasta.fq_kallisto","converted_sample_15.fasta.fq_kallisto","converted_sample_16.fasta.fq_kallisto"
"A4GALT",409.605,391,449.908,434,472.0002,442.9997,436,384.079,451,387,445.9997,397.992,424.9999,414,432.86,426
"AC000093.1",1458.676,1697.07,1435.189,1577.281,1480.605,1497.629,1257.573,1415.871,1432.553,1341.119,1694.208,1610.652,1499.135,1325.034,1595.369,1774.879
"AC000095.1",179,129,105,130,148,156,121,151.87,626,531,612,656,632,642,613,655
"AC002472.2",286.977,328,262,266,299,302,313,294,322.998,295,313,305,299,280,292,316
"AC002472.3",29.2962,30.8775,40.358,39.3262,50.3233,29.7358,37.2045,37.7353,49.6551,42.6652,48.8516,49.1564,20.306,37.2347,32.8465,35.1018
"AC004997.1",0,0,0,0,0,20.6689,0,0,0,0,0,0,0,0,0,0
"AC005176.1",0,5.02497,3.04994,0,0,5,2.07491,3.04994,0,6,0,0,5.02497,0.101146,0,1.04994
"AC006453.2",4,1,4,2,4,1,4,2,4,3,1,4,3,5,3,5
"AC007325.1",94.2797,56.8935,85.8721,72.4881,51.568,71.5332,72.6369,63.5269,82.946,64.8994,84.3037,61.8019,63.7252,67.6372,70.055,97.8697
"AC007325.2",196.5998,162.0916,167.9789,177.8019,166.9373,94.99976,116.04738,127.8692,184.9227,85.73323,184.684,146.4786,163.6722,147.8298,136.53153,165.6724
"AC008132.1",805.1148,841.8171,861.3178,926.9971,899.4874,874.5474,862.908,824.5634,834.0826,851.9017,820.6804,869.5322,836.8874,898.4444,820.92,875.714
"AC023491.2",1.0506e-05,36.7738,28.6137,0.746034,6.36986,1.88629e-07,31.0546,15.0436,0.0447496,1.9518,0,0,0.31446,33.2685,20.0763,16.7835
"AC091959.3",0,0,1,0,0,0,0,2.29623,2.73027,1.64535,1.2312,1.2312,2.4624,2.74852,1.2312,3.69361
"AC245060.4",121.086,91.9154,144.698,166.135,106.972,117.081,118.764,109.924,140.684,183.805,110.049,132.27,119.846,121.236,106.103,100.048
"ACO2",528.824,514.925,536.048,526.362,486.147,483.609,506.929,624.729,551.575,557.587,557.195,569.587,592.035,563.325,610.124,463.621
"ACR",293,307,270.448,292.094,224,247,320,278,308,259,330.96,243,248,290,291,351
"ADA2",1371.75610001003,1262.0000166616,1335.0029458,1299.9979,1355.0001,1401.0001,1318.256411434,1438.9012,1435.99990843,1423.00054,1351.9973,1367.9999,1402.9998,1261.7712,1351.9998,1286.00063
"ADM2",1609.0033,1696.9963,1601.0041,1585.99772,1747.9993,1577.9957,1490.9966,1455.9994,1526.9977,1584.99763,1731.9963,1595.0016,1656.0029,1673.999,1691.00274,1652.9974
"ADORA2A",597,674,803.85141,709.369,677.33919,656.894,600,652.331,625,613.9998,532,629.0008,558.537000043652,640.082,623,641
"ADSL",447.5827,552.3849,539.443126,593.3935,614.14963,543.529147,531.60064,618.0804,518.4877,588.9992,593.46350136341,653.4406,556.32833225,567.82923,590.8061,606.862851119
"AIFM3",1839.99929946,1922.000212276,1923.0005595,1961.2837397824,1929.00003007,1948.7605140404,1886.999849423,1885.0002,3209.3250176582,3369.999271,3234.539781652,3410.00243783,3292.999746,3280.74279278,3285.0021,3241.050918916
"AL022238.4",18.7997,13.7651,8.76539,13.7349,18.0423,9.30355,13.4813,14.4915,13.6836,0,17.6592,13.6711,25.2536,4.58341,8.57823,4.39199
"AL022318.4",14.6515,11.165,46.8909,78.1295,32.3117,53.3347,51.7861,33.9617,21.7033,33.113,25.6816,120.264,79.9101,84.252,0,55.1788
"ALG12",514.7728,453.9999,467.9997,489.7789,474.8024,506.6387,490.0002,498,460.3726,443.0004,506.0004,527.7508,453.7143,482.0003,507.0005,467.7373
"ALKBH6",5.22411,1.30603,3.91808,5.22411,6,1.30603,5.22411,5.22466,2.61205,0,3,3.91808,3.91808,5.22411,2.61205,6.53014
"ANAPC15",3,1,0,3,1,5,0,5,3,4,2,2,1,2,5.00116,3
"ANKRD54",855.7277,970.0005,815.000073,906,765.9999,822.9997,754.9996,783.0002,842.6648,852.7516,847.2416,974.0003,825.00038,827.00005,833.99973,834.6734
"ANKRD62P1",120,103,123,129,117,92,114,108,117,126,110,121,139,97,122,110
"AP000346.2",59.00003,93.17084,66.1802,67.00001,71,70.000021,76,73.00004,66.00001,62.999992,61.03958,76.5768,63.99996,64.99998,78.19586,77.99998
"AP000347.1",244.22591,254.51643,286.8048,257.4309,220.10671,273.76731,250.15539,232.8598,237.32723,258.64623,229.35566,227.90709,257.64242,252.15172,302.07767,265.46299
"AP000351.2",16.6744,18.1861,14.4239,15.4673,28.4632,20.5025,15.5202,21.6119,25.6739,12.2309,30.4441,16.2197,28,15.2033,26.3292,18.0007
"AP000351.7",39.865,30.3432,53.8674,40.4095,36.143,45.3339,39.6811,36.7819,32.7995,40.2994,23.326,40.7894,36.3863,19.1735,43.7667,11.0446
"AP000356.3",149.5731,153.6225,138.74592,187.5769,151.0658,173.5865,154.526,167.761,154.9798,173.5724,142.2164,138.3471,171.9016,168.2254,152.8735,182.6247
"AP000550.4",6.07822,6,9,7,7,12,7,5,9,7,11,9.25906,10,11,10,9
"AP006222.1",93.1687,55.3239,81.4321,84.3129,68.1705,70.83,86.3231,58.9167,59.4328,71.1548,67.2407,67.6119,106.227,60.3269,49.4477,61.0327
"AP1B1",2596.495463165,2480.91150011549,2392.00108002051,2536.9962525,2516.9696725043,2306.99452003981,2366.997724296,2583.986196228,2294.99994,2492.9955368829,2539.8999103169,2577.9544247,2340.00085920576,2711.0027202517,2447.99926314,2550.00003860624
"AP1B1P1",168,158,164,151,133,144,167,119,184,162,188,182,142,159,165,153
"APOBEC3A",756.40637,738.11421,811.5431,739.342,799.3212,741.95928,822.9961,656.38439,714.81829,849.1753,786.734833,695.285015,820.6413,790.31179,772.7235,860.8795
"APOBEC3B",702.2309,632.14170002191,612.4614,562.3059,614.5109,598.8725,614.5566,611.3095,530.00983,688.7025,554.7994,697.4616,578.1008,645.48421,587.7411,543.7861
"APOBEC3C",217,274.532,198,251,271,271.451,275,198.2061,231,212.0001,236.309,235.4971,213,284,266.685,247
"APOBEC3D",500.255,458.654,463.706,468.314,449.23,410.315,430.079,423.337,537.542,445.111,485.452,340.027,395.534,453.211,542.095,422.209
"APOBEC3F",1112.687,1175.588,1070.0505,1121.183,1112.9437,1197.395,1156.544,1163.5581,690.234,588.7083,703.267,629.3703,718.345,693.914,659.726,645.2568
"APOBEC3G",332.449,408.807,322.3492,402.906,376.586,312.513,370.04,409.29,405.90317368,397.769,392.446,282.094118509,392.53,376.582,463.029,382.689
"APOBEC3H",859.0005,797,698.9992,748.00067,795.9996,740.999000026501,797.9988,792.9996,854.9998,741.001,728.00031,755.9992,810.0008,843.0007,722.99991019,713.99935
"APOL1",2266.00077,2146.00055,2078.9989,2486.691,2396.0003,2157.9731250498,2253.17653,2280.0002387,2273.99419,2110,2162.00931,2293.378266,2238.9995,2339.33140042423,2196.65174,2110.3867
"APOL2",998,1107,1149.999,963.164,1115,1113,1002,1017,1031,1124.769,1001.495,994.227,1070.585,1061.172,1002.59,978
"APOL3",3226.9995,3227.00022,3276.999087,3266.9992,3306.99987,3333.6291,3397.2397,3183.000382,3357,3401.0011451,3518.8004,3510.16800053962,3235.9994,3146.497,3230.22707,3224.613
"APOL4",1438.0000827765,1271.9995,1263.000283564,1281.00000069957,1356.0000212658,1331,1318.00000106923,1362.5430147846,1430,1347,1317,1282.226100039,1255.0001,1397.0005,1272.000000012,1429.9983
"APOL5",221,243.467,271,287,266,247,276,290,262,290,240,319,264,293,271,275
"APOL6",1953.97,2133.93,2132,2233,1928,1937.97,2057,2042,1810,1898,1987.28,2061,2028.98,1913,2040,2009.98
"ARFGAP3",1995.002,1995.996,2068.997,1948,1992.999,1955.002,2016.003,1891.003,1110,1200.003,1054,1062,981,1040,1230.002,1088
"ARHGAP8",978.452,1006.363,1108.157,1087.87200002486,1079.88584,1062.117,1047.11,1160.768,1072.1793,956.74800002552,840.269,1066.79200002239,1042.371,1125.425,939.767,1013.435
"ARMC9",19,25,33,19,20,22,30,21,27,15,24,19,16,32,14,23
"ARPC1B",0,0,3.83375,2.76316,0.844363,0,0,0,0.27221,3.17789e-06,2.27232,0,2.58802,0,2.04768,2.05814
"ARSA",2197.9934,2244.0002,2169.00042,2260.00079,2241.9995,2190.0002,2214.0002,2188.00019,5839.001,5894.99004,5629.99432,5521.0056,5632.99161,5580.002,5744.00505,5625.99635
"ARSG",3,1,1,2.20073,1.95225,2,0,2,0,3,1,1,0,2,4.00253,3
"ARVCF",810,774.0702,916.99989,805.000000300107,841.9998,860.99985,777.5198,821.0004,821.0002,825.9999,822.9997,811.0001,907.3828,869.0003,794.0004742,840.000188564
"ASCC2",1131.9995,1206.99966,1087.00073,958.35775,1125.9996,1197.97571014774,1121.00045,966,1051.99975036277,1193.00004,1036.00040003175,1077.59693,983.308502,1107.99942,1109.02570042715,1023.9997413
"ASPHD2",652,677,610,678,688,634,654,676,688,671,724,616,724,740.43,613,621
"ATF4",827.00029,741.98278,647.98024,660.96689,663.98015,678.0003,678,649.99989,720.9999,725.99981,704.9847,582,727.99989,697.90662,625.99989,623.99932
"ATP5MGL",163,143,184,193,110,156,162,145,191,179,190,148,146,182,143,141
"ATP6V1E1",741.9771,912.899,810.9998,849.001,869.001,772.9814,763.213,845.246,772.9995,839.18,821.982,850,826.597,815.9968,784.6689,814
"ATXN10",1248,1326,1399,1313,1343,1373,1303,1318,1241,1278,1178.713,1233.447,1292,1211,1251,1325
"BAIAP2L2",1501,1496,1449,1555,1424,1431,1608,1683,437.796,392,444,427,406,408,403,366
"BCL2L13",14198.0011,14528.9993,13762.997595,13968.99262,14006.000298,14399.014,13817.0029,14205.993,12692,12322.004321,12168.685,12636.2973239,12866.99646,12850.99637626,12202,12930.0050002109
"BCR",4975.5519,5093.2197,4996.62852,4916.71806,5076.9068,4814.3128,4990.3349,4740.4867,2766.8958,2886.0089000492,2931.214,3001.03238,2743.4916516,2677.2233,2743.52404,2720.88707
"BCRP2",921.586,889.394,914.699,809.36,887.7870110576,865.8015,911.597,844.278,834.24,810.202,850.584,823.266,879.49112,798.557,756.35273,824.132
"BCRP4",21.0674,20.4112,23.3862,25.1051,21.3697,24.2128,24.1552,24.3694,30.6877,26.5514,22.8347,23.7114,20.0797,24.6567,31.8836,20.0805
"BCRP6",22.0801,20.5916,19.42,9.91014,8.10417,1.46521,20.5582,15.1347,17.4048,24.8622,33.5951,15.8055,4.47903,15.0334,8.28839,26.1109
"BEST2",0.863903,0.59171,4.79057,1,1.86388,0.863903,3,0.727807,5.56411,4.92342,0.727807,1.88111,3.53037,5.67158,4.92342,2.92146
"BID",3795.99984,3833.9977,3788.00497197,3946.00151,3797.99836,3697.003928,3953.0021,3537.00354,4623.0033,4299.9974,4614.9533,4519.0028,4614.4413,4453.0017,4614.9966,4827.9997
"BIK",229,154,232,197,152,210,176,185,214,179,163,177,197,195,157,168
"BMS1P12",8.59179,2.26025,5.53871,5.28364,3.2641,4.46651,1.06646,3.15265,2.23564,11.1185,7.57317,6.7916,5.56167,4.06006,5.08377,4.0804
"BMS1P15",1.3225,3.80857,2.7637,2.58088,6.7276,2.53122,7.16932,6.90561,6.0426,5.02463,8.37778,4.93864,2.59224,2.70422,7.8131,5.03565
"BMS1P17",270.912,269.032,278.351,264.436,290.802,306.006,341.906,211.591,369.04,294.051,311.183,228.071,309.47,242.438,288.626,302.725
"BMS1P22",10.4437,17.1225,14.9439,7.54306,21.8262,6.99791,13.1826,12.887,17.9723,11.2329,11.3645,12.6916,11.3204,12.8807,3.87924,15.1076
"BPIFC",409.0002,407.7152,361,448.9996,376.0002,370.9996,341.9996,372,394.0002,438.0004,390.9996,358.9996,450.9996,348,370,422.9998
"BRD1",1019,982.000000023008,851.000000010336,1001.00000074089,877.0003752,959.999715603249,919.99972,795,894,941,757.000000023785,916.00000485396,938.6980165387,890,894,946.0002
"C10orf143",10.0251,12.0549,4,7,5,9.02272,10,3,9,7,8.01978,4,8.01941,4,9,6.01481
"C12orf45",5,3,14,13,7,11,11,6,9,14,8,6,10,4,11,7
"C1QTNF6",993.88202,939.5063,973.9998,963.51774,883.1449,951.53476,915.9999,934.99969,836.522,913.0126,934.0008,745.525,880.9992,943.0001,812.9994,958.5059
"C22orf15",195.99948,197.0002,179.1193,160.0004,182.9996,163.99989,235.23402,149.99953,138.071450138186,201.00031,194.00038,200.00041,144.93268,138.99971,162.00002,211.0001
"C22orf23",766,752.0000463846,724.99933,659,724.99960166873,706.9999307,767.0002952257,739.9995,705,729.00039,737,758.00078243,803,770.9993,769.000645,694.00070808
"C22orf31",246,226,199,186,164,195,199,197,217,219,184,223,235,216,187,160
"C22orf39",635.999370015307,745.00037,701.9993,815.00052,652.99952,682.99936,568.00006254059,788.00015,809.99946,644.88342,809.00042,660.99977,739.000720134228,600.99982,699.98866,663.00046
"C22orf42",159,192,189,155,158,128,122,154,155,215,137,185,139.699,166,153,160
"C22orf46",999,954,955,1025,988,1007,1009,941,1026,999,1078,924,993,1031,940,1003
"C2CD2",12,17,7,8,10,12,9,18,4,1,5,4,1,8,11,3
"C2orf92",7.21028,4.09948,4.77484,4.7252,4.61898,2.18163,2.23642,0,1.1335,0.924869,3.49686,0,0,0,0,0
"CABIN1",4283.0024,4048.0032,4717.25371,4175.9965,4364.9869,4541.9965,4464.0046,4313.9401,4486.215,4462.9982,4469.9914,4330.9984,4331.9901,4376.00181,4476.9327,4351.9875
"CABP7",638.209,626.878,502.448,635.125,623.857,585.247,620.026,548.869,649.435,575.212,669.297,604.386,606.196,563.901,554.435,651.844
"CACNA1I",3951.003917,4021.007381,3957.997,3867.996,3936.9906,4112.0000195706,3894.00000377551,3965.0031,4167.9921,4188.0028,3908.000266,3878.0049,3836.9995,3883.9993,4014.0086,4012.9964644
"CACNG2",297,276,261,271,272,288,263,262,251,254,261,257,267,227,254,248
"CARD10",820.999689,816.999967,729.000082792,726,707.080833910143,798.999889945222,839.00002,830.009491,813.00032209604,843.99984,710.000414101,838.00037,724.000379,882.00022,761.999503064553,785.0001079
"CASTOR1",326,339,385,304.932,369,273.925,323.92,253,296,316.991,317,336,307.426,416.275,382,304
"CBFA2T2",3.29029,1.65697,2.65931,2.0044,4,2,4,9.65697,2.6396,4.01059,3.65688,1,4,3,7.00061,6
"CBX5",4,17,13,22,20,28,12,13,15,4.10556,9,14,13,19,16,13
"CBX6",554.0004,642.9998,704.0001,669,681.0003,694.9996,627.0003,643.9998,641.9996,673.0004,626.0004,726,681.9996,694,776.0001,660.9996
"CBX7",757,706.667,727.752,849,788,775.98,851,925,770.584,819,833,806,791,889,772,852
"CBY1",552.00012,434.9997,475.69346,491.00008,427.6175803,518.00006,504.7851413,430.9719836329,460.08982,544.1019,494.000606,543.00007,464.99971235567,489.00081,443.0002,479.999650566082
"CCDC116",420,474,441,454,490,513,405,445,424,457,437,460,449,439,514,441
"CCDC117",713,767.0002152137,858.0001486,904.000000014424,635,836.000000013372,788.0003549349,756,4066.00378,4274.9986,4278.00103,3978.00489,4041.99883,4005,4106.99507,3775.9951711
"CCDC134",215,269,311,237,315,225,188,238,301,230,318,242.294,205,324,280,216
"CCDC144CP",1,2,1,2,1,1,0,2,3,1,0,3,2,0,2,3
"CCDC157",599.96716,594.16387,628.53734,635.54708,663.8787,549.589000712405,547.40006,618.49496,591.07506,667.37544,647.6196,717.37808,630.04167,643.97317,506.99129,581.308513
"CCDC188",73.00002,166.00049,91.00002,133.99958,92.99995,154.0003,113.99971,118.99975,130.99979,186.00003,147.99976,112.00025,86.00005,159.00034,97.00001,160.00026
"CCT8L2",406.934,359,403,356,415,471,400,381,352,406,401,429,423,415,398,366
"CD47",17.0041,17.0042,22.0056,10,18.0047,13.0014,17,13,24.0966,15.0926,13,18,15,17.0041,11.0005,10.0024
"CDC42EP1",462.99958,442.99984,513,346.00021,473,384,423,478.00024,469.00017,512,522,459,412,377.00019,469.0005,447
"CDC45",1283,1106.000897644,1092.99939,1267.9996,1128.9996,1145,1087.9995,1179.164,1233,1249.99946129,1131.00100008866,1261.99891,1176,1133.892,1275.0005,1152.999
"CDK13",23.0116,7.67183,3.17094,10.4252,20.3359,7.83556,12.6718,10.3378,30.2485,18.0171,26.5156,25.0194,27.7086,6.37792,22.6835,23.6796
"CDPF1",292.99970812277,309.2323309,355.0003965,290.000371,302.0001,318.0002,262.00016,339,229.0002,262.99988,254.99997,284.9997,352.0003,285.9999,319.00021,366.0003
"CECR2",1130.07499,1040.99992,1142.99922,1233.00016,1155.9988,1191.9996,1159.99984,1165.00031,1014.99955,1148.9998,1076.00029,1152.0001,1038.00000263555,1255.9993,1199.9995,1244.00092
"CECR7",590.00043,499.00031,648.99966,527.99954,614.377,560.00031,509.00007,486,520.99995,507.00012,576.99977,518.00012,492.99971,549.00049,551.9996,501.8711
"CELSR1",2482.00000115026,2349,2318.0037,2374,2311.9957,2287.99939,2278.0000008704,2229.00000200856,2336,2147,2240.39174,2107.000327259,2354.0044,2189.4575,2354.99904,2223
"CENPM",481,417.0003,423.99917947,437.000593837,548.00014823434,417,501.000248,500,450.000512,537,397.0002,530,423,551,518.00032007796,443
"CERK",896,902.668,749,894.088,965,872,893,890.053,763.999,975,883.499,913,818.443,871,950,889
"CES5AP1",253,267.9999,247.99988,234.00008,172.99996,242,227.99992,187,206.99998,164.0001,168.0002,172.00004,178,157.999886,157.000172,162.503272
"CHADL",527.0542,473.54265,485.46879,423.963,493.95300116717,471.425445,443.87787,588.2758,506.77142,656.995000081487,492.496,512.4716,466.421,518.10903,629.768,514.257
"CHCHD10",149.99992,175,142.9999,148,163.99998,122.00006,108.99992,129.99986,142.99998,117,134.99994,129.99984,167,131.00006,149.00008,153.9999
"CHEK2",1533.59718,1362.10000051751,1461.428500175,1522.338601,1504.6585874,1407.60049566285,1614.84398,1390.8762237878,1444.6517,1409.0208,1354.67780640551,1541.378004351,1504.97588,1525.995373,1574.344086386,1506.86586033493
"CHKB",581.234,518.267,456.236,519.273,499.532,579.417,498.598,543.67,481.792,512.218,496.086,594.974,517.169,545.055,455.58,537.536
"CHKB-CPT1B",661.222,711.479,608.868,775.856,647.085,780.149,625.314,765.203,622.603,584.735,697.887,747.108,647.732,631.627,717.204,604.286
"CHP1",1.11352,1.11352,3.34056,0,6.68113,4.45409,3.4273,5.20446,2.08178,0,1.04195,3.49669,1,3.34056,0,5.56761
"CIITA",11.9884,5.32817,8.10418,9.32429,2.66408,2.66408,5.32817,3.99604,15.0441,18.6486,18.6533,19.9806,17.3122,36.9265,17.3165,13.3204
"CLDN5",857.9998,748.99973,718.0008,867.0002,768.0007,836.00037,872.9996,682.99921,835.0006,841.00064,837.9998,809.0008,886.0007,793.00049,840.0003,755.0001
"CLTCL1",2157.30484,2032.997,2243.00252,2259.0001,2311.00079,2052,2279,2294.99921,2177.00202,2274,2198.42967,2043.00145,1978.994,1980.00464,1954.003,2126.99895
"COMT",1849.8265,1930.8624,2070.8821,2052.84045,1990.4216,2080.6996,1893.6993,1990.8674,1814.0002,1933.7601,1814.52441,1746.57120807511,1766.16488,1757.6644,1744.0021,1816.5923
"COPS2",3,3.9413,1.97065,1.97065,0,3.9413,0,1.97065,0,7,8,3.9413,5.91196,3.9413,1.97065,1.97065
"COX11",6,12,7,7,1,12,7,1,6,5,11,10,6,6,6,11
"CPT1B",3875.9105,3664.25922,3835.89416,3706.8701236,3814.94451,3846.43599,3651.09482,3770.3873162,7400.49313,7360.85867,7538.0269,7539.91142,7180.10041,7428.6812,7430.49592,7538.1824
"CRELD2",595.22749,551.9997,632,545.22156,629.1986,658.25665,604.8759,555.99919,604.50431,719.00037,592.7669,555.24837,654.28524,539.882,543,572.0214
"CRKL",1060.0004,1033.99886173,1146,938,1077.99589,1091,1131.998102,1117,992,1051,1088,1164,1045,1014,1053,1083.00000473113
"CRYBA4",159,166,144.9998,97.0000407594,154.0004,208,124,166,148,168,126,166,153,183,167,147
"CRYBB1",216,195,213,147,158,179,177,166,224,217,207,160,161,183,178,217
"CRYBB2",146.275,141.315,129.722,168.355,179.568,173.768,137.352,162.482,172.828,125.669,148.43,131.575,138.6,193.078,144.458,157.74
"CRYBB2P1",927.725,998.685,1001.28,1097.64,937.432,982.232,1092.3,1023.52,617.172,628.331,513.57,563.425,538.4,565.922,519.542,572.26
"CRYBB3",113,137,212,187,181,182,155,209,176,179,155,136,151,187.477,182,211
"CSDC2",618,546,519,559,518,442,547,486,487,483,517.767,468,523,548,472.804,460
"CSF2RB",991.9995706,997.999603,1105.99521876,1014.0040307,967,1005.0000550801,954.0002,969.000000030373,957,996.9997,1008.0000765283,981.00046561,930,904,924.000000049063,901.9995
"CSNK1E",1065.0002,1105.0002,1068,1181.000206,1180,1048.00000001785,1192.0005,1040.0002,3017.73,3071.9324,2940.067,3153.541,2933.999,2910.0001,2980.002,3027.5725
"CYB5R3",2929.9671,2857.965,3038.9657,2872.9441,2954.8192,2975.3476,2742.9701,2757.1796,3000.3678,2693.9696,3097.8774,2945.3988,2795.7151,2849.1186,2913.0029,2967.9355
"CYP2D6",619.9414,679.8624,650.4611151056,603.4561,588.43882,614.5187149203,634.08927612,595.1012,606.395896329126,551.89021833162,573.64236,613.30007,632.5744,618.68516,654.06500250042,589.0687
"CYP2D7",331.05908,357.11662,272.136444,304.412964,301.56114,220.54112,321.91024,387.28788,308.60366,308.07615,344.3572,370.69968,404.42606,326.82502,288.93486,304.90574
"CYTH4",649.154,620,620,591,533.00009,629.223,658.99994,597,566,641,571.99959,767.99994,567.396,642.412,579.99979,606
"DDI2",4.11256,4,6,6,6,8,2,6,7,0,4,6,6,5,4,5
"DDT",516.92827,456.5258,512.87654,581.00892,597.85134,625.79614,609.6317,470.3993,295.61577,286.7167,304.1762,288.19821,302.3821,325.5226,262.0193,265.5387
"DDTL",303.386,279.716,278.098,377.976,342.176,357.878,335.988,346.924,399.394,323.252,235.244,334.578,363.934,274.478,338.726,346.75
"DDX17",1957.9986,1959.00427718,1992.7204337,1895.997,1892.9566,1923.9967,1847.9297,1940.0031,1983.000977,1971.0009,2041.00114,1955.9968,1768.00261281,1987.0017,2021.0009,2006.001902
"DENND6B",472,334.0004,365.9998,426.0001,481.5683,436,377.8011,456.9984,357.0001,452.0003,431.9994,466.9998,433.0002,424,427.9996,428.9996
"DEPDC5",4853.48064975814,5071.67253891889,4851.08408833473,4925.5168840725,4745.62193662935,4809.35872697239,4800.87848203612,5065.67938652156,4409.998575398,4714.68969368932,4535.14371434471,4827.15091624601,4885.99146771,4796.63019021493,4806.99546449794,4700.73106972708
"DERL3",1458.6738,1370.5939,1416.66488,1482.3076,1280.738,1315.49108,1438.5005678856,1400.6432,1551.6534,1365.38522,1395.1182,1426.88488,1441.50742,1391.22838,1336.704,1492.59964
"DESI1",685,752,723,704.081,689.944,681,708,748.052,682,692,750,687,646.056,762,748,725
"DGCR2",4309.3617,4330.99620691,4610.00598061,4552.998648,4335.410957,4461.995923,4386.9929,4052.9952,4321.9969,4469,4388.99674253,4607.00952984,4186.350885,4373.99629,4308.00377,4694.00346
"DGCR5",1297.00144,1245.00385,1337.99673,1313.00216,1228.0005,1243.9971,1378.00344,1229.99927,1297.0009,1320.99958,1311.99929,1344.99644,1260.99869,1358.72928,1247.99595,1221.0048
"DGCR6",307.667,242.76557,289.7489594,255.7266,247.059,249.2724,240.3523911,304.02055,205.245,274.0526,258.9707,351.15035,282.58375,270.8085,282.0299,225.9968
"DGCR6L",229.683,219.269,234.259,226.124,235.866,257.192,236.42,224.937,230.659,262.63,233.08,239.304,290.822,249.149,216.104,220.899
"DGCR8",1764.99998702,1997.00050712371,1747.9997,1851.999823,1753.99978,1827.99930257136,1802.0007,1675.999813,1851,1764.0027908635,1899.9991,1854.0007,1787.00032907,1764.0005355,1876.99975,1817.9992863
"DHFR2",3,5,6,2,7.77414,1,6.86307,6,2,2,0,2,4,2,3,1
"DMC1",372,362.695,393,463.255,422.751,460,373,430.05,474.564,407,496.088,412,456.636,422,436,463
"DNAJB7",558.036,459.048,478.484,573.088,490.755,498.036,499.552,546.342,538.432,599.074,505.737,539.94,545.61,419.572,542.228,441.87
"DNAL4",330.367,321,298.056,261,287.9998,346.024,318,280.0002016,316,252.24,260,280,366.058,287,288,300.793
"DNMT3A",4.26359,1.00017,1.00018,2.36261,3.54392,3,6.39539,1,4,2,4,2,4,3.00051,4,4.00068
"DPF1",0,1,1,3,0,0,1,0,0,1,2,0,2,1,2,4
"DRG1",946.904,1053.0003,1020.481,960.9999,1038,1122.9997,965,1097.9993,367,330.0005,288.9831,323,289.3801,317.0003,305.00049,332.99952
"DRICH1",197.00042,255,266.00015,307.0004,261,290.99989,299.00029,240.0005,252.0005,236.9996,250,261.9999,270.9999,246,248,270.00011
"DUSP18",585,400.516,555.717,466.582,521.91,514.858,527.224,507.344,459.92,566,459.806,434.95,401.82,505.791,491.125,498.919
"DUXAP9",6.6442,4.84503,3.70474,5.0209,5.37153,2.82221,4.91172,2.52192,2.97885,3.71626,2.45247,6.23777,1.20923,2.68094,2.4949,0
"DYDC1",9.87854,5.77046,7.93495,7,10,6,10,10.9377,8,9,7,12.9764,9,7,9,9.99522
"E2F4",0,0,1.63344,0,2,3.28123,1.63344,1.63344,1.63344,1.64598,1.63344,0,1.452,3.26688,3.26688,0
"EFCAB6",1817.9969,2043.99826,1835.0017,1858.000224,1909.215,1784.2092,1826.003,2052.3462,1836.0052,1963.00053,1871.9989,1954.999299,1846.0049,1908.002,1795.99584,1714.9958
"EIF3D",428.9996,421.9999,456.00064,451.9994,401.0213,414.8415,504.9997,381.9997,445.6347347,402.0007,337.9995,425.3341,404.0003,380.6703,348.99925,455.00020208823
"EIF3L",792.60046,862.00032,785.921815,766.99903,846.2646,803.99986,810.0004,732.0001,745.047772824441,717.99544,803.612196,819.999655,753.00025,687.9997,861.9993,868.99976
"EIF4ENIF1",2154,2070,1969,1942.00002,2006.45400003901,2078.9994,2030,2180,1870,2019,2150,1947.99917,2045,2221,2127.00021,2040.00099
"ELFN2",1782.998,1634,1648.8056,1748.611,1610,1592.004,1651.002,1711.004,1765.004,1442.967,1610,1637.997,1682.002,1755.194,1729.004,1657.005
"EMID1",868.00031,797.000012,754.013,791.981,811.999,937.0004,811.99982,873.902,772,860.179000256349,834,816.11032,879.992,837,782.815,866.053
"ENAM",8,8,7,7,6,7,5,5,3,4,10,4,4,4,3,6
"ENTHD1",581,602,578,582,500,536,582,589,573,552,528,588,588,558,481,557
"EP300",1880.99606,1714.00221,1791,1788.00204,1724.999,1814.00127,1804.00475,1819.99999,1789.32000521062,1789.0016,1831.004819,1887.00294,1623.00371,1685.99909,1695.9584,1834.99875
"EPM2A",2,2,2,1,2,4,0,2,2,2,2,1,2,1,1,0
"ESS2",1131.86,1246.92,1003.86,1077.21,1091.59,1114.6,980.852,1126.11,1063.85,1032.63,1094.47,963.593,1044.13,1045.57,930.515,1190.83
"EWSR1",2547.9945,2398.95703,2415.980579,2424.9339949,2428.00383001843,2309.005798,2409.48872,2375.92409,2461.50423,2476.000569,2483.99642083461,2568.56276397,2552.003631,2372.98796,2375.872323,2414.58214567148
"F2R",3.48436,4.64348,2,7.00081,3.48771,5.80435,5.80435,3.00254,0,2.32174,2.12619,0,3.48448,0,2,3.01435
"FAM109B",514.00036,429,514.99966,471.00045,360.000000377005,582,457.99952,479.9997,464,543.99965,462.0002,431,505.00033,441.99963,485,479.99964
"FAM118A",1164.92700135591,1214.002,1245.0017,1214.0027976,1213.00292,1378.704,1115,1236,1139.986,1190.9999,1165.000794,1256.996,1111,1234.00174527,1281.99780001527,1419.999
"FAM162A",0,0.941546,0,6.91133,0,0,0,0,0,0,2.95566,3,0.955663,0,0,4
"FAM19A5",1532.004,1540,1439.997,1563.998,1565.002,1524.002,1557.001,1595.996,1063,1111,1017,1047,1088,939,1004,1001
"FAM221A",5.3664,4.9948,8.42351,13.3195,8.85102,10.7455,8.32466,8.32466,0,4.0248,1.343,3.65114,4.99995,3.32987,2.6832,0
"FAM227A",2071.9997187,1905.998265231,1966.74126,1893.999865,2073.5088,2006.0006,1891.0952,1967.5594,2138.9977,2128.0012,1948.9983,2088.6563,1907.058,1958.00309,2071.0563,1963.998511708
"FAM230A",614,602,723,659,691,708,646,640,675,598,602,625,679,680.133,591,654
"FAM83F",1213.004,1307.004,1254.998,1209.005,1111,1159,1405.996,1194.004,2956.07453,3087.00081,2915.9918,2946.9985851,2928.0032,2818.0088,2934.0052,2834.99385
"FBLN1",2058.67,2112.9992,2096,1931,1898.0477,2080.657,1932.001,1979.001,2086.0936,2138,2166.001,2168.648,2120,2190.999,2035.0002,2070.9992
"FBXL18",6.00568,7.00669,7.00694,9,8.00817,6,2.00062,2,7,4,4.00357,8,4,4.00377,6,1.00094
"FBXO7",1084,1152.761,1163.769,1106.759,1154.99990247599,1174,1110.99980179681,1081.7525,1176.999882,1117.9988,1246.0000693455,1225.00003081,1156,1173.764,1111.00000205305,1204.9997
"FBXW4P1",394,384,425,406,469,371,504,407,452,491,497,473,451,535,507,338
"FGFR1OP",0,1.03208,0,0,0,2.01893,2.08511,0,4.21318,2.10656,2.58922,4.38788,2.78963,3.67615,1.98058,0
"FIBP",3,3,4,1,2,1,3,0,0,2,1,1,0,0,2,0
"FOXRED2",1873.00099,2037.00514,2051.99871,1967.99551,2056.99553,1972.25845,1924.00303,1908.00377,1990.99568,1852.00136,2019.00118,2010.99562,2054.69961,1902.9965,1965.99563,1952.99459
"FXN",10.4104,2.42456,5.39959,4.44953,3.44953,0,8.37462,5.39959,11.0054,0,4.44953,12,2.42456,11.3484,9,5.95006
"GAB4",559,536,471.188,500,488,545,497,473,600,566,556.969,475,546,574.244,475,555
"GAL3ST1",342.096000398463,373.994378047478,347.9477,406.0000145714,311.0738,330.9998,354.9997,367.0003,339.894312,383.0000133,357.20901398,435.999764,314.390704933,383.99973987,265.6278,338.9998194303
"GALR3",206,213,235,228,268,243,212,234,203,224,190,203,277,232,257,240
"GAS2L1",1023.00024,958.999870056422,924.9991,988.9998,999.0007,1020.999729,911.0001,924.26809,1039.9994,998.9993,1065.00039,1014.000152309,937.9996,1069.0005,1174.9998,986.9993
"GCAT",589.99954,632,632,593,529,649.9991,642,625.0002,542,532.99971,650.999786,646,582,573,653.792,567
"GGA1",3194.99699,3023.0025,3039.0009,3075.00247,3188.00017,3160.9953708389,3299.9997,3016.92495,5220.4328,5477.00057,5369.08931,5635.00145,5441.99452,5573.994,5524.99732,5463.00505
"GGT1",2580.6738,2374.1948200343,2490.84380366067,2432.53196,2378.9180741,2541.46990023115,2202.20200001473,2340.88993751,3972.73521,3554.6402,3784.6829154,3688.97366,3528.127,3589.52093566,3491.0001745,3507.83390033523
"GGT2",43.70326,62.5189,62.5913,58.8471,78.8159,59.8966,82.9161,53.9824,372.376,313.577,319.118,309.592,388.035,294.07,323.385,338.48349
"GGT3P",265.199,242.3583,277.3041,270.221,273.1969,333.623,291.256,268.7491,1394.329,1295.106,1412.227,1294.298,1356.37,1233.443,1233.735,1282.362
"GGT5",1436.084387,1554.9999,1580.9989,1635.9999,1381.9999,1379.0009,1390.9997,1581,1416.9998,1388.0001,1458.0002,1449,1447,1638.9995,1582.001,1469.001
"GGTLC2",167.1622,147.7701,149.2037,118.0681,144.3325,172.4204,167.1296,149.3052,174.6017,163.1924,121.6912,184.43111,137.6207,140.8432,157.5393,134.5827
"GGTLC5P",52.2071,59.0373,58.4511,41.0787,69.7422,74.5894,56.0244,54.0707,253.014,332.483,357.773,350.224,300.538,313.06,292.764,275.07
"GNAZ",710,637,677,614,584,652,695,659,717,678,645,547,639,636,636,674
"GNB1L",304.1852,267.69531,319.97319,271.75672,298.35429,337.3751,244.60203,352.69224,361.32543,338.15003,324.25565,292.68077,331.66225,292.20218,347.525,313.629810107823
"GP1BB",426.651,232.639,388.267,316,347.086,335.741,348.516,368.869,268.918,360.924,194.073,281.747,324.733,286.96,295.508,272.961
"GRAMD4",775.00014,811.99993533,871.00000695848,813.99994,906.0000154859,928.0001712409,842,790.31164,896,847.99953,880.99956,870.0004,806,867.99959,807.0003,933
"GRAP2",320.0004,289.0003,270.9998,281.9999,269.9994,278.0004,263.9994,320.9998,304.0004,319.999878,302.0007,285.0004,332.9996,291.0008,306.0004,281.9999
"GRK3",1908,1839,1720,1776,1817,1682,1856,1853,1660,1776,1766,1915,1935,1694,1673,1731
"GSC2",170,139,100,109,121,144,100,106,121,113,104,130,111,126,125,157
"GSTT1",384.101,407,388,412,461,404.00049,426.00026,389.00006,200.257,216,234,176,219.345999,208.00008,231,224.7383
"GSTT2",9.06805,7.09504,10.4614,7.79614,8.03683,14.8464,6.96934,6.82125,11.8996,12.2027,0,0,19.9504,14.7131,0,11.8624
"GSTT2B",408.932,450.905,392.539,415.204,491.964,421.154,375.03,486.179,361.101,466.797,412,442,371.05,503.287,412,467.138
"GSTT4",380.13537,424.656511,454.1325,466.6766,338.85667,402.53914,376.31882,394.2186,389.20089,424.70091,390.6738,380.19438,423.61412,385.82635,453.2337,366.955814
"GTF2H2",5.00188,4,1.999995,1.999996,3.000005,3,3.000004,4,12,1,7,0,1,9,6,10
"GTF2H3",2,1,1,5,1,0,2,1,1,0,3,1,0,0,0,1
"GTPBP1",980,1093,940.817,945.113,964,1070.77,992.124,1062,981,1052.78,1008,1024.81,1009.34,1047,946,1062
"GTSE1",638,545,628,575,585,651,629,603,610,595,658,662,647,575,559,573
"GUCD1",1413,1541.4097,1265.27,1410.8578,1479.5761,1486.6441,1471.6381,1645.4621,679.9934,611.991,707,740.2903,708.59506,729.6393,753.142,760.40969
"H1F0",692,658,643,783,656,739,691,697,498,419,398,503,485,452,403,472
"HAVCR2",0,2.07533,3.07533,0,1,2,1,1.07533,1.04488,0,0.0753341,0,2.07533,0,2,2
"HDAC10",1049.18305576,1073.905,1116.706101153,973.309,1087.533338,1032.0123,1011.43325,1124.45263743,1034.392,1052.5056,1104.68502,1069.219,1058.8313,1149.7736,1056.59749,1026.455
"HDHD5",750,614,684,714,716,682.477,684,764,720.907,632.565,776,713,693,739,662,724.805
"HIC2",2592.7800154712,2658.21000004437,2709.58000008695,2843.98150050991,2564.92119136,2613.6318,2726.400153642,2592.5542844,1358.7078813,1493.74000001351,1307.23,1389.8771596947,1398.6100426515,1519.59000005387,1336.21482,1450.35
"HIRA",907.0003,811,846.000000626518,822.999539267,775.00000032014,825.00000786832,904,823.000000626814,866.467000053381,726.814,815.747,822,865,812.00035621,787.8420601538,722
"HMGXB4",3776.0041,3719.0029,3875.0014,3846.9997,3963.0036,3592.9956,3793.7073,3722.3656,1771.00061,1585.00042,1814.00506,1645.99937,1708.9988,1598.0001,1663.00023,1702.0019
"HMOX1",605,642,661,619,590,680,757,588,269,301,302,324,304,376,306,392
"HORMAD2",344.9999,437,384.0003,439.999756,413,401.99974,397.99996,375.0003,336.0003,394.0003,370.99948,368,372.00019,293.00041,422,394.00018939
"HPS4",3358.99557,3573.00348,3386.00020850094,3595.00384,3630.00348,3425.0903814833,3492.90702,3287.921037,3407.998718,3547.00346,3437.99988,3492.99581,3408.00016,3655.2496,3528.38429,3233.67304
"HSCB",184.40408,259.90070435584,206.570600010299,209.78611,214.34107,211.317,166.15647,202.07389,177.34864,254.2916,225.6309,235.707,212.02489,245.66588,153.1449,174.13483
"HSD17B1",5,5,2,9.01361,6,5,4,4,4,1.00147,3.00157,3,7,6,4.00024,3
"HSD17B4",2,5,4,9,5,2,4,5,7,6,6,8,6,6,6,6
"HSFY1P1",402.0004,365.0001,435.0001,436.00035,444.0002,378.9996,437.9998,344.000000122626,267.0005,295,272,240.99951,260.00033,248.9998,276.0005,236
"HSPA14",12.601,13.7004,4.58713,7.34956,15.6972,11.4571,8.01134,4.29928,4.09069,3.2155,13.3002,4.10825,5.30008,3.32594,8.99837,5.77238
"HUS1",3,1,0,0,1,0,2,1,1,2,3,0,1.00205,0,1,1
"IFT27",573.639,586,610,559.242,609,673,611.995,653.001,564.999,614,593,559,534.9992,529,576,664.52
"IGLC1",35.1497,40.8522,17.4424,33.1422,52.8346,21.6866,45.2964,15.6211,85.2948,90.1409,126.418,66.9407,73.035,94.6227,60.5784,96.3413
"IGLL1",330.148,338.305,316.674,308.317,403.89,295.5912,346,338,304.686,351,322.629,356.199,422.027,352.23,307.372,336
"IGLL3P",41.2784,44.5245,67.7177,52.6838,51.696,65.409,40,39,45.3141,56,62.3716,52.4865,55.5787,55,78.432,53
"IGLL5",454.4227,344.14754,355.0195,394.8585,366.5791,353.313,345.7035,326.3791,950.7056,939.8599,905.5431,976.797,942.36,1101.1465,1040.422,987.6585
"IGLV1-51",32,30,31,33,23,29,46,22,32,39,28,28,41,25,38,28
"IGLV2-8",11,9,10,11,11,10,6,16,12,7,13,11,8,3,9,9
"IGLV5-52",42,28,42,35,30,41,35,27,50,43,22,27,29,32,27,20
"IGLVIVOR22-2",3,3,0,2,6,4,3,2,2,4,2,5,3,1,2,2
"IL17RA",1653.00000298099,1699.9964,1780.001344,1787.0000398467,1638.004053,1794.00188513,1792.99761,1569.0044,7538.99668,7818.99920648,7851.0013,7510.9982,7651.9981139,7720.00199,7517.00154414,7858.99981109
"IL17REL",733,679,661.9997862,774,740.9997,717.99986,778,669.00033,723.99999,671.9998,655.9996,647.9999,753.9997,695,750.999536,682
"IL2RB",832,777,764,820.99970231,892,849.5814,866,785,747,780.0002,788.0004,781.99959,716.0003,839.994,706.9997,840.9935
"INPP5J",401.48863,455.99993,448.000120282449,436,410,447.00025,450.33523,444.0001,406,426.9999,469.999791,421.00007,402.9998,478.49648404,406,482.99969
"ISX",763,605,727,823,651,763,690,629.121,710,672,708,744,611,667,729,632
"JOSD1",753.35808,763.999326,691.9903,712.905820038847,624.00041,689.00017,769.97100928776,675.00021,631.448,735.9130101768,711.727,663.00035,604.82498723,647.98993,640.881,696.995
"KCNJ4",877,788,811,774,692,742,831,784,779,768,875,779,696,819,892,818
"KCNK6",5,3,1,1,0,2,3.00298,1,1,5,3.00082,2,1,3,2,3
"KCTD17",299,364,318,364,403,354.313,327.0004,386,318,378.99974,336.882,360,275,317,306.716,322
"KDELR3",731.000041955,756,707,690,730.0000369204,673.000000233824,675,767,549,436.99911,559,527,489,494.99946,598,599
"KIAA0930",2503.425,2581.4496,2344.42600002724,2467.99600001768,2173.377,2559.9980889829,2533.0020257471,2596.244,2453.997,2428.99937,2383.7894,2466.00200001467,2459.00083,2515.436829265,2606.0040002439,2554.44328
"KIAA1324",2,4,1,0,5,2,5,5.00022,0,1,2,1,2.00012,0,2,3
"KIAA1671",2113.00190069762,2385.00029,2016.0024,2086.004344,2283.000898,2107.9992,2373.9953,2098.9978,2076.9971,1928.997318078,2173.9982,2356.00361,2101.9986,2133.0018,2201.9951,2141.0015
"KLC2",2,5,6,9,5,5,3,4,10,8,5,10,7,4,8,5
"KLHDC10",2.85961,2.67095,2.86876,3.96701,5.71575,0.825018,1.05814,1.67559,1.91822,0,2.91883,4.38619,0,0.868763,5,1.74856
"KLHDC7B",596,649,581,663,554,558,588,605,667,466,634,634,613,706,651,508
"KLHL22",937.9997,997.99958,1033.99763,988.9996,1035.00342,944.00016,979.9998,955.5036,1120.0014,1005.60354,992.99963,1154.00219,1068.0038,931.99973,1009.9987,988.00034
"KREMEN1",1706.00384,1735.9960395378,1842.997,1645.00058,1916.996,1809.997,1871.994,1788.999632924,1734.00537,1701.0028,1711.004,1770.0011,1654.312,1611.001,1688.061,1787.999
"L3MBTL2",682.946,591.458,652.531,609.037,674.623,694.575,663.122,694.618,535.228,654.343,660.335,701.507,691.579,621.891,677.232,529.743
"LAIR1",4.00132,1.83728,0,3,1,1,1.07337,1,1,0,0,0,1.48153,2.00218,0,0
"LARGE1",1679.995,1779.841,1697.997,1677.99765,1503.00381,1689.995,1645.004,1760.9974,4915.9978062,4834.00188,4997.999,5199.99964,4876.99711,4921.868,4763.283,5097.352
"LDLR",0,1.1013,4.40519,4,0,1,1.1013,0,2,1.1013,3.61958,3.3039,0,0,2.2026,1.10149
"LGALS1",86.99996,118.99985,125.9984,85,113.00047,85,126.99974,94,122.00003,90.00004,78.99998,136.0002,120.99973,157.00048,85.00001,86.99995
"LGALS2",108,133,89,105,98,121,151,115,116,109,103,100,103,92,102,89
"LIF",1695.9962,1451.0042,1556.0042,1491.0007,1518.0018,1522.0041,1660.9954,1553,1515.9991,1547.0005,1800.0028,1415.0044,1577.9962,1700.9966,1509.9953,1527.9995
"LIMD1",7,10.2555,7.97652,3,5.08893,3.41851,5.69752,7,2.27901,6.83702,1.1395,1,4.55801,3.41851,4.55801,4
"LIMK2",1953.99684,2087.99574,2119.99517,1972.995844,2152.9957902936,2065.99836,1985.00015,2049.99553,2144.94052,2074.99796,2016.9978,2062.00272,2230.0032,2144.00229,2098.00305,2074.99883
"LINC00634",273,292,271,316,293,338,306,321,291,305,290,274,326,305,255,303
"LINC00854",0,1,1,2,3,4,2,1,3,1,3,1,4,3,2,4
"LMF2",1672.0297,1500.999,1530.1279,1427.9961,1505.0004,1649.995,1631.3439,1567.997692563,490.0004,508.9997,519,553.99952,558.9736,576.0001,638.0003,633.0004
"LPAR3",0,1,2,0,3.11038,0,1,1,2,2,0,3,1.03195,2,3,2
"LRP10",2.17749,1.62092,1.55106,2.17749,7.6206,4.14295,6.20425,4.33532,1.58024,2.17749,1.08172,0,1.55106,6.12016,3.10427,0
"LRP5L",1036.40094838164,1094.999681638,961.00006874,973.9991,1086.00082951,1003.000017,1044.000153,1088.0001932,1138.999904253,986.99950032,1033.00022,1049.99924,1060.9993061,916.999683097,1144.99981,1149.99981212
"LRRC69",2.00198,1.001,1.00104,2,5.00533,2,0,2,2,2,0,1,2,1.00098,0,0
"LRRC74B",1039.70325,1012.123,1036.64163,950.67418,852.6764,952.26491,930.7961,1025.2645,1046.34465,1034.3351,1053.14831,976.84377,1026.6941,1147.9321,1084.15346,1071.89858
"LRRC75B",242.00006,287.99984,285.00043,243,269,278.00017,279.99957,276.62723,238.00038,221.05813,268,275.06098,321.684,286,261.84689,257.543
"LYN",5.00589,4,7,4,5,6,5,6,15,14,16,8,17.0073,17,13,9
"LZTR1",869.68335,838.999993148,815.8691,934.685648,941.0006,844.00005573,847.65355767,910,892,789.929905544,824.9995976613,796.99927,835.0006,887.58916,884.99978,836.99956
"MAFF",1823.94309,1942,1807,1893.0000013651,1913.0010361451,1966.99968,1779.9994,1829.00062,1840.0005,1945.0009,1977,2003.99953442,1735.9996,1819.9503,1817.001,1801
"MAPK1",1301.9983,1380.0036,1519.9962,1494.9985,1501.9968,1418.99772,1417.0018,1479.9977,1488.9963,1332.9999,1588.9927,1385.99984,1649.99957,1448.9986,1546.3068,1314.9999
"MAPK11",485,428,456,470.99976,534,443.0001,502,543,460.764,444,495,436,484,541.0001654,496,549
"MAPK12",323.38486,424.81337,318.6271189,334.6916,306.46630124601,389.2625,410.217166,326.5467,420.6080029,364.4940539855,385.4647769,288.55179,352.06031,413.7548,325.402519,354.5445
"MAPK8IP2",1324.0029,1357.0048,1227.0023,1232.002,1367.0001,1282.9998,1281.9995,1286.0007,1397.003,1360.9964,1399.9992,1306.0025,1266.0045,1358.001,1393.9972,1317.6085
"MB",640.99996,772.52783,670.00032,756.0002,596.99963,747.99955,627.00063,764.99938,757.99994,686.99906,660.9993,675.9999,638.29056,728.99949,653.99956,637.0006
"MCAT",1091,1226,1213,1165,1290.002,1065,1225.004,1215,3001.002,3053.998,2958.003,2929.003,2803.997,2731,2838.998,2920
"MCHR1",1427.9993,1412.0049,1549.9979,1487.00000004315,1475.99749,1432.0037,1662.0002,1430.9955,477.0003,463.00013,505.999700023629,514.9998,500.0001,508.00019,480.528,466.9996
"MCM5",600.99655,546.53234,457.00039,542.15446,537.00035,513.0005,478.00048,466.00043,509.1273,447.000267,534,475.99985,538.00020519705,565.7592,533.386705,542.52745
"MDM4",14,14,7.38497,8.43465,16,13,14.1393,13,8,9.00169,5.45393,10.5433,5.65938,9,12,10.9058
"MED15",2225.998094,2452.93313,2239.80689,2275.16908,2213.87102,2213.23615,2393.09504446,2310.08965,1305.846025,1285.991856,1212.99984,1482.59121,1466.44844024,1343.1127203169,1341.67413,1282.34817
"MEI1",822.90079,797.68407,775.089000039622,789.0000200453,708.99987,797.989256,860.84940789,763.999809726,836.3129,692.822,774.863205213,740.9996,781.99969,791.92785,860.775,790.999500564873
"MFNG",1276.99936,1145.99960758193,1221,1248.9993,1221.0003,1219.9996,1187.0008,1353.9997,1149.9995,1226.9999,1123.9994414,1234.9999,1132.9999,1169.32,1247.0001,1103.9997
"MFSD1",6,9,6,7,2,7,5,5,4,9,8,7,4,4,5,13
"MGAT3",2062.99829,2044.0037,2010.9952,2036.0037,1989.003,1934.0025,1981.0038,2030.0005,2057.0049,1980.9978,1843.9962,2045.9991,2031.0002,2110.999,2067.0044,2086.9971
"MICAL3",4352.995,4179.99317,4029,4242.0061,4174.0091,4186.0417,3906.8539,4200.0477,4224.9985,4197.00604,4110.9972,4135.3804,4374.0084,4012.9937,4170.0051,4158.9969
"MICALL1",875.336507,989,842.00009,855.99274,887.65078,839,830.99986,822.00023,915.999976,787.000167,864.00032,917.000213,1017,841,807,842.00004
"MIEF1",1125.0002,1199.0038,1161.9985,1023.9998,1086.00084014395,1212.99951,1143.00486,1157.99679,1082.00035,1068.99965,1218.002,1151.99842,1080.9965,1166.00483,1124.997343,1104.73453
"MIF",335,329,331,263,296,304.9178,352,305,272.0002,305,303,369,364.9996,296,305,297
"MIOX",272.9996,318.9995,308.0004,271,276.9997,326.9999,289.9993,287.9995,300.9999,297.9996,256.9995,325.0003,287.0007,272.0001,266.0005,280.0003
"MKL1",904.9998,781.4906473918,897.9995188987,802.43524,1049.99349274069,954.98374244763,809.877040628,817.999700029448,831.0003,983.99976,879.9078,925.99960000982,968.99973,902.999900019872,856.9323,886.4860768
"MLC1",1480,1447,1580,1509,1449,1564,1480,1547,1440,1628,1437.625,1532,1530,1440,1452,1401.938
"MMP11",402,444,460.682,433,488,443,492.95,344,412.632,384,524,437.998,507,474,433,454.852
"MN1",1491,1233,1624,1480.23,1596,1485,1533,1580,1590,1547,1366,1540.2,1531,1415,1693,1417
"MOB3A",0,3.0587,2.02935,0.0293482,3,0.0586964,2,3.02935,11,0,0,4.0587,5.08804,3.0587,3.02935,5.02935
"MORC2",1165.23,1129.178,1237.215,1203,1131.22,1196,1176,1192,1154,1281,1178,1112.92,1223.042,1172.196,1232,1166.224
"MOV10L1",2636.00060089,2636.60523367,2456.999,2705.99655,2587.00383725,2490.0004213,2678.0252469507,2531.7684742,2586.00021,2459.9984935,2512.99568,2454.3355,2493.00100050789,2558.00020835,2580.00436,2719.99909218455
"MPPED1",547.99991,458.26885,563.99948,576.99960387606,595.00016,549.00025,505.7092,632.00045,529.99958,490.0004,526.00028,482.9999,455.999578,536.00021,511.32608,500.00041
"MPST",911.16527,851.9995,810.758,859.9997,874.99985,877.8387,749.9997,853.0005,883.00025,767.76414,878.9988,824.76152,850,791.99922,803.9995,899.57397
"MRI1",7.65979,7.58481,7.65979,8.93643,7.65979,7.65979,5.10653,14.043,2.55326,2.55326,2.55326,3.49922,7.6793,8.93643,2.00399,7
"MRPL40",137.0001,153.0005,104,180.9995,154.0003,166.9997,95,164,187.9995,157.9998,125.9996,179.0002,183.9996,133,222,171.0003
"MRPL48",3,4,3,7,2.93756,3,3,4,0,0,2,4,3,2,1,1
"MRPS17",5,7,5,5,7,4,1,4,3,6,6,5,5,5,7,5.37906
"MS4A10",5,1,1.4306,1,3,4,0,2,2,2,0,3,6.00454,4,5,1.20442
"MTFP1",510,364.9997,488.0002,457.0001,465.4828,504.0006,451.311,509.0675,524.0001,502,421.0002,486.9998,452.0002,471.9999,450.9999,512.9995
"MTMR3",5551.00314478,5533.00130166859,5103.00270786885,5191.000956483,5509.996674,5208.9999,5331.99852898126,5306.9964525,5637.00125825,5142.9959053,5155.0006514,5406.9995,5154.278285,5184.9977718,5270.99570010747,5432.00238697
"MYH9",1509.69,1450,1500,1466,1470,1531,1543,1494.16,1542,1524,1403,1519,1469,1413,1444,1608
"MYO18B",1728.51828825,1604.00200069867,1713.000332,1655.004265127,1550.9972,1793.00126431026,1849.0000145511,1716.994607322,1726.99548314838,1799.99528055608,1666.992937576,1747.9983556285,1786.99254213,1739.988766,1594.9973029,1690.99733
"NAGA",717,764.00007,711,729,772,726,712.0004793,724.000417023,686,782,859,641.9996558037,894,728.99966,753.9997857535,738.9998
"NARFL",0,2,3,2,3,1,1,1,0,1,1,1,1,1,0,2
"NCAPH2",1079,1099,1024.655,1043,1024,1050.999,1016.001,1091,985.076,1010,1029,1029.001,1067.314,1032,1122.528,1063
"NCF4",586.0329,623.000144342,632.0001,566.00024935,560,569.9999,566.9996,604.000237,575.0003,614.00018,634.0000132559,707.0006,521,528,597.0008,582
"NCOA3",2.58067,0,0,1,1.80698,2.67965,0,0,2.48729,3.69103,0.890775,4.7688,2.68096,4.59616,4.49867,3.22499
"NCR1",9,3.99999,4.999985,0.999995,8,2.00106,2.99998,7,13,17,7,5.99995,20,12,10,19
"NDUFA6",261.00042,237.999570283,236.00054,207.9999,229.99957,271.00046,228.00026,234.08566,264.0005,209,217,220.9997,221.99967,243.9998,209.00012,160.99993
"NEFH",727,695,749,677,668,726,785,748,685,709,730,806,862,660,776,669
"NF2",8933.9966,8823.004,9150.006629,9248.99742,9275.9989488,8693.99714,8995.9963,8976.0044,9040.9224,9282.99834,9310.0038,8868.99008,8777.9894,8969.0003,8853.3914,9037.00296
"NFAM1",2677,2939,2819,2732,2801,2747,2736,2613,1120,1186,1097,1026,875,1103,1057,1071
"NFYC",5,1,2,1,4,6,1,2,6,5,2.16075,3,1,3,2,4
"NIPSNAP1",782,827,821,888.7,800,843.548,862,764.811,820,798,739,886,888,788,879,904
"NMT2",8.6336,0,0,0.601121,4.48201,3.46996,7.48201,7.48201,0,0.975201,1.65804,0.241007,4.25541,0.241007,2.31768,4
"NOL12",1993.01000019956,1986.94,1933.0188,1883.22,2108.27,2002,1904.3673404,1956.04,546,609.564,581.768,597.484,533.30018,485,610,532.07300906594
"NOSTRIN",0,0,0,0,0,1,2,1,2,3,2,0,1,3,0,4
"NPTXR",1219.9986,1161.0014,1236.99514,1110.0038,1236.9905,1062.00255,1154.00000006495,1201.9991,4876.0038,4830.00156,4595.7900204628,4790.99997,4724.0033,4640.6507,4612,4692.9952
"NUMB",2,3,1,3,3,2,3,0,7,5,4,6,6,4,7,6
"NUP107",0,1,1,2,0,4,1,2,0,2,0,3,1,1,0,1
"NUP50",2088.99637,1985.9976,2222.9979,2020.00292,1886.9984,1941.99794,1898.4561,2189.7618,2093.99646,1911.99993,2096.379,1991.99784,1890.9989,2098.4265,2068.004727,1929.00078
"ODF3B",238.5856,224.2428,236.7452,238.8059,233.8071,246.6166,193.9578,196.6362,317.5459,257.60858,280.0939197,243.622,258.337326,295.5008,272.027,266.01692
"OR11H1",193.9633,152,173.9999,219.0003,167.2808,142.276873,192.9074,220.809764,138.8794,180.00008,141.302882,193.67600778447,212.1113,152.1869,198.9031,164.42198
"OR11H12",2.03678,0,0,0,3.7212,1.91417,4.09248,4.18992,2.12068,0,0,3.47939,1.88863,5.81307,4.09704,6.57812
"OR7D2",4.83268,5.01707,3.00517,2,3,0,3.00514,1.00383,2.00338,5.01186,5.01094,2,0,2.00288,6.00611,5.00815
"OSBP2",807.422123,827.99982,950.000000039804,854.999999341,879.9997875,798.445,883.988,867.743000412113,878,946.3088,877.623,955.3904,840.73567202,888.000123,838,890
"OSM",388,374.99997,424.9998,441,353.99096,373.00026,368.00037,331.9998,377,382.99967,343.99953,418.00009,403.00008,357.99999,398,313.99998
"P2RX6",2103.7961,2349.01649,2094.0658,2266.50776,2091.3887,2289.6978,2145.852,2158.77438,1046.55026,1206.38362062064,1088.14406,1089.24374,1019.58534,1102.51594,1061.2798,1161.31762
"P2RX6P",35.2011,16.98633,28.9384,31.4942,10.60956,30.4498,21.28141,38.223,158.4499,127.6167,116.8561,124.7569,151.414,153.4844,138.72,173.6825
"PACSIN2",2029.0004,1963.998,1797.00029,1855.99477,1906.97616,1953.9969,1951.9994,1768.999,4244.99535,4128.9921,4207.00097,4281.00018,4294.924746,4128.819,4136.999,4238.9949
"PANX2",1903,1847.001,1798,1783.001,1750,1863,1802,1750.999,1911,1760,1904,1666,2003,1818,1919,1702.999
"PARP4",3,2,4,4,7,4,6,6,7,1,5,9,7,5,8,6
"PARP4P1",2,5,5.00429,2,5,4,6,4,9,5,1,5,5,5,5,3
"PARP4P3",26,37,37.9957,26,35,30,27,39,34,40,28,21,36,21,33,27
"PARVB",1397.9994,1408.9999,1351.0003,1366.0002,1224.8898,1311.0006,1302.208,1267.9993,1387,1343.9999,1311.0001,1275.9997,1266.968,1397.0011,1309.0004,1403.0008
"PARVG",1414,1498.667,1292.000264,1394,1466.348,1364,1389,1308.842,1314,1491.99989,1405,1404,1464,1602.993,1337.844,1408
"PATZ1",2800,2894.001,2652.002,2696.999,2930,3033,2835,2928,9769.706,9839.009,9567.994,9764.998,9687.691,9975.965,9480.996,9793.001
"PDGFB",1035.9996,1066,1094,1073,1036.5383,1098,1056.0005,1020,1087,1118,1123,1054.9997,1185.997,1094,1076.9998,1118
"PDXP",450.407,392,453.936,536,349.84,411.846,354.993,424.673,464,430.998,420.926,400,365.563,340.903,360.958,401.991
"PES1",1300.082,1427.00050006218,1457.999,1451.614,1544.0000396406,1491.126,1443.001,1512.99972,1465.001,1482.000100951,1345,1392.21900312083,1386,1487,1516.99880042095,1424.1929
"PEX26",2424.9977,2402.0045,2573.4901,2423.1294,2333.0009,2223.9994,2421.2906,2300.0068,2321.0043,2588.008,2410.9948,2448.9997,2569.0011,2431.5745,2411.0038,2640.0035
"PHF21B",2294.0013,2482,2421.786,2442.99952,2484.999,2363.00200047389,2316.49919,2587.99639051,2228,2105,2037.998,2062.99979,2047.0002961,2058.00022,2210.9993,2183.9996
"PHF5A",193,199,241.761,173,211,211,238,213,265,209,224,241,220,216,203,203
"PI4KA",1865.2727,2074.774,1911.396,2027.634,1969.54,2065.9507,1996.801,2001.156,2047.7422,2021.43937025,1944.38254,1955.819,2143.64371,1991.1989,2022.742,2027.02854
"PI4KAP1",503.40968,554.17243,517.4604,577.1895979802,633.35359,576.3489849173,584.20723,563.70128,489.54472,495.09643,527.68603,664.22389,549.814083,557.25972,598.96926,520.09296
"PI4KAP2",289.3308,286.09507357,368.0538,316.1941,296.95599,275.0708,309.5874,354.1534,388.85301,301.19320125252,320.3462,221.0767,240.40757,297.3934,250.98169,299.5278
"PICK1",1185.1,1237.00088,1195.00022,1226.99949,1220.00019,1305.99941,1251.999,1214.374,1292.99944,1305.99971,1397.39163,1330,1362.28533,1212.9998,1277.00033,1246.9995
"PIK3C3",3.87485,0,0,1.85269,3,0,2,0,1.85269,0,2,1.74969,5,1,0,1.87485
"PIK3IP1",935.518,984.015,912,973,961,978,990,1055,2555.004,2775.995,2839.998,2669.996,2611,2755.001,2571.004,2692
"PIM3",474,453,512,496,493,465,521,515,447,468,525,462,477,498,537,483
"PISD",655,561.9999,486.238,483,493.9997,537.00017260284,494.00059,436.0001165,514.000136959,560.00004,539.16476640621,528.597368,518.9997,478.00032,490.00052,524.99954
"PITPNB",521.9998,535,542.7825,616.999790205041,569.99983,565.0004,591,502,524.99996,603.00022,629.126590093481,616.999980619983,555.00036,602.00038,596.02400782143,606.99998
"PIWIL3",4143.994,4394,4141.001,4101.314,3917.997,4284.002,4075.005,4142.999,4891.993,4889.992,4728.995,4933.14,5010.996,4937.996,4744.277,5020.003
"PKDREJ",1415,1622,1475,1598,1593,1546,1548,1536,1527,1577,1426,1538,1428,1456,1564,1532
"PLA2G3",573,541,577,659,562,493,514,467,590,539,517,463,508,501,541,498
"PLA2G6",1938,1761.442,1943.538,1934,1808.9991,1757.769,1721.879,1840.316,1898.355,1809.438,1871,1811.447,1921.971,1936.214,1720.244,1877
"PLAC8",1,2,1,0,2,1,4,0,0,2,1,1,1,0,1,2
"PLXNB2",1347.00396,1396.00068,1261.86405022011,1307.99683156,1304.00123886,1223.99985086148,1343.99845579,1346.0034237906,6865.00246,6775.0023,6838.00292019276,7120.7554154409,6972.00178005828,6853.03552,6809.99749037124,6962.4123
"PMM1",248,242,218.241,233,311,259,315,253,301,263,242.807,265.65,221,242,319.592,253
"PNPLA3",508.6367408,556,460.144,567,584,569,495.5669,567.10442,563.988,505.918,521.279,494.999,566,538,624,631.999
"PNPLA5",914.99985,952.000188933,971.0005,966.0006,878.999394,984.9998,932.0003,975.0002188839,990.9999349003,982,881.0009,917.0005,937.99993,898.0006,955.000293,1002.99950582
"POLDIP3",1329.9998,1224.00000002388,1494.9998,1347,1300.00032,1467.94222052152,1379.9999,1311.99991,3692,3847.9964,3645.002801,3627.55500793,3598.3367,3734.4,3709.0018418402,3667.9952
"POLR2F",416.147,373,441,403,482.643,470.471,341,455.794,408.01,406.296,469,541.33,440,466,394,377.74
"POLR2J2",10,9,7,8,14.2897,8,6.29201,8.29201,9,7,8.29201,10,0.700737,6.29201,4.29201,8
"POLR3H",2409.039,2591.074,2649.224,2465.634,2448.854,2713.394,2487.064,2581.272,2639.006,2751.413,2492.809,2656.406,2550.958,2732.966,2686.872,2544.371
"POM121L10P",232.801,187.531,181.058,211.273,193.505,205.176,180.885,175.181,187.35,182.313,173.707,194.414,172.931,181.945,184.242,174.668
"POM121L1P",404.0312,453.835,481.795,456.683,450.9388,431.8693,440.1007,436.4277,437.533,394.872,501.489,419.064,424.5953,374.707,427.3602,437.166
"POM121L4P",262.4374,280.1453,292.659,338.472,294.5633,300.461,325.269,253.4484,279.2883,369.8586,326.102,273.5486,297.1027,275.2305,328.011,318.59
"POM121L7P",253.584,211.021,261.7,310.446,272.39,333.029,202.99,234.167,247.764,288.224,278.577,298.924,282.404,238.611,221.503,271.88
"POM121L8P",136.536,139.97,147.207,165.211,160.872,147.151,134.429,172.154,163.203,145.858,139.35,163.499,147.512,158.318,145.032,156.292
"POM121L9P",1525.3565,1404.7667,1444.8981,1562.9888,1395.0789,1547.56,1458.552,1386.3524,1514.9096,1494.728,1490.219,1543.0188,1390.0827,1418.1471,1341.7088,1399.1602
"POTEG",3.89455,2.03151,1.94627,0,8.2722,0,0,0,3.97545,0,1.94533,0,2.08287,0,6.37467,0
"POTEH",370.096,377.969,396.054,328.091,437.711,359.952,412.976,393,356.422,379.761,346.037,427,336.913,378,334.734,392.942
"POTEM",0,0,0,10.8613,0,0,0,0,2.49916,0,0,0,0,0,2.84527,0
"PPARA",4034.99594,3890.00158,3910.00108,3939.99481,4107.38205,3841.99803,3822.9971,3772.00292,3998.05983,3875.65551,3904.00281,3953.0004293,3949.99679023352,3956.00101036931,3933.0001,3884.994418
"PPARG",7,9,6,8,6,6,7,13,9,1,4,8,5,10,13,5
"PPIL2",2218.0052,2216.4672,2225.1959,2350.5815,2058.586,2049.9211,2186.9867,2218.2801,2157.9441,1976.3061,2180.6771,2158.5824,2161.18936,1993.6597,1981.2047,2104.126
"PPM1F",1007.0023,1024.77,913.00005,978,985.00005,959,1173,957,980,1028,1058,945,941,1093.88,902.252,1043
"PPP2CB",2,0,1,3.39543,1,0,1,0,0,2,1,4,1,1,1.00081,1
"PPP6R2",3194.57889432387,3257.9977000309,3104.00400003002,3343.21200466808,3349.99903054748,3247.0363043,3099.64414986,3217.035465725,3186.99478223724,3261.00515616259,3155.99900001664,3250.0032777,3173.994,2969.99982,3248.065007043,3289.265
"PRAME",2749.99826,2957.0010170889,2857.395,3012.00186255976,3037.332,2863.999940458,3028,3071.617274426,2330.00056,2304.514486,2287.0029474,2277.5868,2221.00037037262,2233.00107667187,1986.997,2250.99898
"PRICKLE3",0,1,4,1,1,1,1,1,0,0,3,3,1,3,1,2
"PRKCSH",0,4.035266,1.66822,3.02182,1.33203,2.6632,1.33203,4.210491,4.119545,2.74993,8.94324,1.7781100453996,0,2.53796,3.21826,0
"PRODH",684.721,663.703,726.556,610.347,665.134,677.482,766.181,801.159,698.859,714.352,627.078,715.969,694.919,677.116,643.335,673.61
"PRR14L",6477,6499.00165887,6200.99514,6355.0000000234,6345.99971,6446.003178,6204,6380,2224.9154,2175.7500042087,2122,2150.715468,2044.0048,2275,2099,2157.00388
"PRR23C",3.83254,2.46764,3.19867,7.60229,6.61729,1.64684,2.46954,5.5212,3,1.6467,0.723432,0.265771,0,2,6,2.60234
"PRR34",406,368,322,350.977,422,337,343,358,361,358.968,324,400,399,422,329.037,379
"PRR5",2303.1575,2138.7132,2287.83,2352.3377,2312.1532528496,2404.9916,2227.07259,2384.264,3966.3961,4094.74869,3988.0965,3836.1647,3903.07,3864.68926462,3914.15035,4123.6011
"PRR5-ARHGAP8",426.707,353.9235,324.014,321.608,346.96,328.303,347.816,403.762,420.612,249.157,429.863,454.0481,267.045,282.8831,366.085,381.958
"PSTK",1.1361,3.40829,2.20943,0,1.13629,1.1361,0,2.27219,4.43589,1.07658,2.27219,2.11889,5.46963,3.32842,1.07658,2.07854
"PTRH1",7.00688,3,5,6,6,7,11,5,6,8,3,8,4,9,8,3
"PVALB",143.00002,155.999822,119.999960127762,92.00008,134.99998124,127.9999230119,103,137,81.999978,96.999998,133.000032,96.00004,157.00006,80.852,115,115.99991682
"RAB36",698.323,806,757.993,718.068,773.47,673,817,801.056,796.537,779,728.721,721,709,715.202,782,813
"RABEP2",0,3.44103,6.50349,0.402241,4.66797,5.18805,4.66797,3.14759,10.1141,6.6169,5.18779,2.89931,3.95913,5.36737,1.96348,5.18762
"RABL2A",0,5.01182,6.9601,4.81512,0,8.66901,2.5654,0,6.72215,0,0,2.5306,4.91622,5.1707,0,0
"RABL2B",3218.471,3091.2396,3091.3721,2965.7232,3143.6848,3125.587,3110.0524,3174.3293,3055.787,2862.6533,3019.4107,2976.5213,3104.5539,3141.4739,3088.7129,2914.311
"RAC2",264.00052,329.00035,336.0002,292.00009,288.99996,258.9999,284.99967,268.99985,260.86811,337.9999,279.00028,310.00042,257.00032,274.00025,311,329.9999
"RANBP1",245.9997,222.9505,258.0122,237.7868,278.9997,202.6274,181.9997,290.0004,1368.5191,1242,1210.4883,1216.812,1170.2303,1218.8165,1168,1202.8025
"RANGAP1",588.402,633,654,664,563,581,613,557,668,608,566,620,628,543,593,553
"RASD2",706,687,571,657,610,589,495,578,579,630,567,613,554,677,640,669
"RASL10A",322,317,326.945,277,330,258,294,283,320,295,269,263,242,289,295,301
"RASSF6",29,20,19,11,10,14,21,23,11,3,13,10,15,15,15,5
"RBFOX2",8210.0027656,7843.1614236375,8176.00173015697,8549.00324886629,8367.94158,8267.0042012157,8336.99900005929,8131.004106,8131.0022,8289.99946,8599.0040718416,8366.99769152438,8364.20060032038,8115.99962865416,8512.5442005929,8654.99588194
"RBX1",162.99998,230.00038,183.00045,187.0001,159.99962,174.99988,168.99956,198.00032,197.99989,208.99951,183.99997,205.00041,169.00039,198.99973,213.9997,206.00012
"RCSD1",8.64002,4.99975,8.9823,13.9985,5.99982,4.99971,4.99935,7.99973,4.99998,4.99992,2.99994,3.99954,7.99996,7.99981,2.99991,4.36148
"RFPL1",500.733,504.238,489.535,517.896,462.264,431.666,485.624,465.986,562.659,554.024,468.676,458.64,532.558,497.292,463.381,456.11
"RFPL2",1393.1418041,1365.7027,1396.9119,1260.9734,1437.5842,1395.9703,1312.56595,1416.0532,1313.3174,1416.2138,1302.2901,1522.2957,1357.0508,1420.577,1372.0475,1308.411
"RFPL3",1140.125,1209.059,1203.553,1376.131,1316.151,1263.36,1151.81,1274.961,971.024,846.762,845.034,780.064,747.39,822.13,822.572,890.479
"RGL4",598.774142,681.483300016479,645.958445286,606.569230601,587.108364,543.23263471,571.8446,612.68800556094,688.67244043,576.09800041072,658.915612,669.093423,568.18005407,615.12300002386,549.9219055,541.894000096369
"RHBDD3",350.934,371.00006,286.0002,386,374.0000707756,355,314,381.00049,312.3209,314.365,324.83205,288,418,325.0001,387.000202,384.00041451
"RIBC2",299,296,245,251,294,255,208,310,237,262,268,211.866,278,284,264,279.545
"RIMBP3",1168.4,999.9,1042.91,1013.87,1015.75,1154.96,1188.65,994.761,1042.8,1027.16,968.553,1055.66,931.876,1031.23,1040.97,1065.9
"RIMBP3B",400.102,629.032,613.294,450.305,515.906,577.7,618.147,465.904,427.507,485.887,614.152,573.914,453.992,508.61,631.31,365.566
"RIMBP3C",1890.2441,1871.119,1701.2937,1832.583,1850.4072,1692.0461,1777.0705,1784.337,1832.8713,1959.5977,1701.8336,1841.991,1836.5742,1931.6782,1903.4309,1927.2245
"RNF185",3768.003,3751.9992,3796.9919,3749.9974,3933.0007,3949.0033,3909.0004,3715.0011,5438.0008,5884,5668.0018,5798.0039,5429.9946,5496.638,5504.0021,5722.0041
"RNF215",1860.502,1929.34025,1887.12353,1801.861,1985.3444,1734.2891,1888.6069,1808.2221,1823.48601,1963.28127,1983.3382,1944.655,1746.21224,1858.006,1922.7745,1883.924
"RPL23AP7",0,0,0,14.0734,0,0,0,9.21458e-06,24.4439,0,0,0,18.6202,0,0,0
"RPL23AP82",674.185,636.4246,539.21808,612.75762,537.13118,556.4808,673.9599,688.233200353026,447.6172,487.5945,544.4762,547.8886,507.21422,464.033,437.9774314328,420.90208
"RPL3",490.99981,600.00082,551.00038,506.5179,536.00056,538.99993,500.99993,506.00041,465.9997,571.00001,512.99957,482.41752,579.45468,557.98667,498.07546,613.54787
"RPS19BP1",197.489,162,216,178,175,164,197,258,188,159,157,159,150,197,164,191
"RPS29",5.7883,2,4,4.00114,1.53477,3,1,3.74424,5,1,3,2,2.68952,2,0,4
"RRP7A",806.69511,761.21537,818.0557,690.1998,863.6533,693.941,867.60962,705.6493,748.08587,706.1804,779.198,789.14558,736.69025,758.28575,836.194,753.31883
"RRP7BP",361.603,431.093,421.663,390.404,447.697,403.825,498.739,424.859,454.265,387.055,383.782,419.717,398.124,465.136,460.668,456.35
"RSPH14",247,239,219,211,256,233,205,177,214,261,274,268,268,288,242,232
"RTCB",456,460,391,436,489,435.081,387,445,364,370.67,345,449,452,375,429,402
"RTL10",1408.857,1308.385,1399.0874,1367.329,1247.794,1386.754,1226.2443,1367.458,1461.725,1368.9204,1340.838,1229.937,1241.389,1376.908,1225.045,1338.472
"RTL6",1035,1084,1103,1078,1002,1185,1117,1024,1127,1143,1109,1023,1050,1211,1162,1011
"RTN4R",388,377,428,369,405,383.9998,308.00001,384,366,382,412.00035,328,376,337,449,453.00062
"RWDD2B",5.34021,6.35645,1.34021,0.0635739,0.340206,3.34021,0.893471,6.96478,3.4221,0.446735,4.44674,0,2.33598,2.06357,0,0
"SAMD4B",4.64867,5.374,3.9731,6.19531,3.11808,7.64667,3.44054,12.8771,1.30977,4,2.20219,8.93831,2,4.45918,1,7.8864
"SAMM50",278,376,362,370,272,320.869,380.796,360.896,349,389,371,350,389,404,372,406
"SBF1",1633.00300687,1597,1575.99787,1548.000112,1591,1478,1608,1520,1445,1622.99551,1426.9987,1611.9976,1626,1586,1531,1649.9974
"SCARF2",1241,1287,1254,1266.161,1337,1344,1333,1248.769,1174,1337.716,1258,1299,1344,1342,1330,1194
"SCO2",1237.72600002747,1172.0886,1008.717,1039.73900004404,1070.388,1125.269,1062.292107673,1077.553,1158.074,1091.591,1132.577,1154.404,1171.47840047981,1071.369,1206.2949,1267.108
"SCUBE1",832,877.171,740.0003,719,703.031,800,883,755,778,745,859,713,829.026,917,825,844
"SDC4P",76,101,117,77,80,62,84,74,82,84,102,59,138,92,93,91
"SDF2L1",218,156,160,217,155,147,182,189,185,176,165,182,163,246,127,178
"SEC14L2",1852.8673,2092.482,2247.162,1922.99580001956,2104.9978,2134.004,2040.997,1909.1766,1876.003,2178.0035,2106.997,1755.9993,1967.0019,2236.001,1912.999,2235.999
"SEC14L3",1758.00044,1721.00268,1750.00156,1668.999530021,1676.00127,1571.0001891,1723.0029983,1709.997121,3570.9965,3693.998,3561.9954,3651.9954,3646.9956,3836.0001,3721.9977,3788.9991
"SEC14L4",916.71863173,832.449,889.94014,896.7512,890.25861,896.323600169022,869.0103176757,814.4347,860.7006,1001.5864,992.3388,883.5745,951.9558,910.767,918.26530533999,898.7950030766
"SEC14L5",10,12,17,20,10,16,3,8,9,22,13,11,10,7,12,15
"SEC14L6",282.2807,297.55147,180.060182,228.2484,244.74092,262.6769,225.9897,265.5645,286.29864,275.41391,251.8889,252.426,234.0444,254.234,214.92962,244.20558
"SELENOM",142,146.0002,172.0004,157.00025,142,147.00021,133.00027,168.00004,135.99982,136.99999,126.0001,151.99955,103.00011,157.0003,141.00011,133
"SELENOO",491,436,419,488,397,510,463,420,2662,2603,2514,2676,2552,2546,2309.999,2591
"SEPT3",3834.99600255547,4041.995,3577.998,3881,3771.996,3586.997,3988.997,3763.99800094791,1302,1391.9997,1470,1445,1285.99958,1424.00000001078,1261,1510.00500002489
"SEPT5",833.6731,659.291,807.54403,766.7197,842.30824,941.63108,945.91087,823.2609,905.52981,893.2547,630.5809,830.23017,923.1328665,782.0058,820.1234,778.1574
"SERHL",300.02086,240.38072,382.9883,285.74075,250.25059,245.73344,213.9423196,338.62904,287.44002,284.221163496,335.4526,322.100460012625,345.596115,251.47454,279.598,257.092
"SERHL2",459.68013,363.31044,382.34958,419.656291005,347.52,383.500307,366.9654692,442.862541276229,333.1769,348.54281,355.43377,380.04995311,285.93069,427.328653534,355.17924696,379.701
"SERPIND1",500.0004574,429.0005,448.9996,367.9997,439,466.0002,423.9996,452.0003,428.0004,371,425.9999,451.0005,409,483.0003,445.0001,407
"SETD7",3,0,3.5587,0,1,4,1.77935,0,2,3,0,1,1,0,0,2
"SETMAR",13,26.00000296392,29.00005,12.00000330984,21.00003,21,22,15,20,21.000048,25.00005,23,13,17,16.000000988464,18.000000141498
"SEZ6L",11005,11047.996,10946.001,11074.99215,11136.001,10640.9962,11124.994,11070.998,7866.277,7822.996,7457.008,7842.002,7680.386,7709.995,7545.99218,7721.999
"SF3A1",2011.53,2094.4937,1989.45,2053.67,1928.13,2027.12,2066.61,2075.74,2092.44391,1983.35,2036.3415,1979.97000037802,1872.74,2058.12,2126.8760268533,1939.76
"SFI1",4072.5026,3999.0035,4213.241459889,4369.8239,4352.999,4047.99743939,4239.81894378,4079.18938,4140.84,4319.9565,4203.334,4075.9978,4218.18136,4280.9994,4096.025,4107.939
"SGSM1",7701.0014,7771.996,7555.9999,7750.9939,7734.005,7654.0036,7603.6185,8107.997,4635.99855,4523.0045,4755.9971,5070.0038,4651.002168,4951.00381,4859.9999,4829.9965
"SGSM3",584.5913,463.8497,584.523,611.872,545.1021,538.1669,595.918,572.42729,561.82837,554.6709,525.8774,552.8877,571.418,641.0918,487.6165,572.7503
"SH3BP1",510.773544,553.9995,482.911545627308,578.0003,571.921,552.49071,503.9901,495.57479,521.0005,606.9976,471.8409,492.0004,522.1225,477.3212692,547.943212943129,577.986350555
"SHANK3",1418.0002,1452.9991,1430.9973,1456.0005,1327,1476.9991,1426.5681,1418.999,1457.0009,1489.9994,1573.9328,1518.9995,1378.0003,1427.9993,1292.1597,1474.9961
"SHISA8",303,310.99986,247,236.00042,303.000000011271,237.00000619452,251.99953,284.0002,318.00016736,268.9996,317.99975,254.0004,258,308,259.00042,252.99975
"SHISAL1",1232.99,1302.98,1288.99,1223,1237,1394,1300.99,1166.99,1322,1233.99,1329.99,1387,1317,1547,1275,1360.99
"SIK2",0,1,1,1,1,0,1,2,2,2,1,0,4,3,0,0
"SLC15A2",1,3,0,3,3,1,2,1,3,0,4,1,1,0,4.00021,4
"SLC16A8",345.00015,401.00047,441.9997,356.6995,389.0002,398.99985,360.99966,389.00035,391.00046,313.00027,383.00004,386.99951,438.99982,345.0005,371.00029,374.99989
"SLC1A4",4,1,1,2,0,1,0,4,1,1,3,2,0,2,2,4
"SLC25A1",1104.0002,1251.0001,1239.9998,1325,1264.0006,1299.9997,1319.999,1232,2294.9953,2423.0001,2467.1038,2582.004,2314.9989,2377.0044,2567.9981,2376.9989
"SLC25A17",370.99973,412.99950512668,452,396.99020179956,523.9997,435.00437,435.99953,431.26942,440.521,497.9892,489.0001,509.99959,494.0002875963,455,416.403337,491.999753
"SLC25A18",393.9996,456,398.6461,441.2508,458.792,438.0001,418.0002,424.5396,371.9998,449,337,399.99976927,367.000000065781,351.9996386,391.9995,417.9997
"SLC25A44",2,0,1,2,2,1,1,0,0,2,1,1,3,1,2,0
"SLC2A11",2400.78432,2295.393192,2294.73805926,2432.8856,2259.98476,2336.463996,2336.1625,2540.99772,1435.99978,1191.4391759,1349.5547182,1599.651656,1447.00082,1413.80850074149,1414.00062,1290.2978646
"SLC35E4",530,471.18325,567.28341,481.27246,494.08977,484.14200311,524.7757,502.65632,491.08012,483,493.19346,584.04999,534.17936,463.209,505.09097,533.08134
"SLC5A1",1872.00385,1834.003,2033.99600004565,1925.99760027664,2019.997,1997.0010038271,1836.0008,2033.00076936,2034.0048,1941.9994,2062.00100122405,1975,2067.996,1890.997,1976.003,2056.99900037196
"SLC5A4",414,463,361,378,363,399,467,462,388,388,364,418,425,431,422,405
"SLC7A4",521.99975,479,421.99987,439.00042,524.00013,453.00026,459.0004,528.0005,468.000018,485,531.00014,451,457.999595,453.00039,488.99959,477.0002
"SLC9A6",3,1.70539,1.55155,3.50724,0,0,0,0,1.61173,1.46626,1.86898,0.309487,2.02222,0,3.351,2.70203
"SLCO2B1",0,5,0,0,4,4,2,5,2.00937,1.38777,2,5,3,1.09467,2.0001,3
"SMARCB1",635.4893,717.4058,762.3348,649.63888,738.2614,706.25604874,771.5,699.3572,728.3446,760.6147,662.7127,704.1139,715.4914,696.7724,783.2965,783.40025
"SMC1B",838,791,782,874,786,828.9996,928,821.0001,912.0003,894,808.0004,828,841,798,895,935
"SMDT1",304.99981,273,321,345,309,271.43595,295.99992,284,259.8876,346,364,278.11554,288,326.00015,397,287.9998
"SMTN",3204.00852,3243.9025,3352.714,3283.9525,3338.926172052,3185.996929444,3204.99961,3074.2959,3366.00040268477,3331.0007672,3446.1473663,3341.16029,3401.03450065097,3259.962582437,3181.32850155562,3389.177682
"SNAP29",774.295,822.733,764.463,827,834,856,920,864.71,841,797.995,927,899,839.85,735,741.605,816
"SNRPD3",282,339.221,279.73,270.142,309.424,254.9,313.365,302.538,279.777,331,300,245.347,274.405,351.813,270.858,298
"SNU13",715,581.858,620.353,640,618,627.999,729,624,612,676,563,622.984,592,620.837,585,648
"SOD2",4.14061,1.03515,0,3.10546,1.03515,1.03515,1.03515,3.7141,2.0703,1.03515,0,0,0,1.03515,1.03538,2.0703
"SORL1",10,7,14,10,9.02182,13,14,12,6,14,12,10,7,15,16,9
"SOX10",891.0000929783,741.00036758,885.0000825604,893.00025,838.00033209,822.9998,871.0001,864.99973,476.000051127,582.000414761,534.00000127067,557.99983842,516.999505478,555.9995773,564.9997764,574
"SPACA6",3,1,3,3,1,1,1,4,0,0,4,3,3,1,3,2
"SPECC1L",4759.0055,4851.997,5050.996,4836.0033,4935.381,4667.285,4578.9983,4850.2779,4754.004,4709.001,4889.999,5124.001,4741.648,4929.937,4866,4921.001
"SPECC1L-ADORA2A",0,0,0,0,7.28272,7.45543,0,15.3881,0,0,0,0,6.81683,7.92216,0,0
"SPTAN1",5,4,5,5.00205,8,9,4,4,8,6,8,10,5,3,6,7
"SREBF2",1119.9966,1000,987,1110.0001,992,1148.9969,1043.9978,913.9998,1067.0004,988,943.0004,1065.0048,1143,1048.998,919.9997,1104
"SRRD",221.5925,221.023,236.938,231.63408,270.5732,216.30229,200.0728,233.1807,236.0679,250.6529,263.8803,196.6627,212.21681,233.7048,270.2514,180.424
"SSTR3",661,941,866,788,747,842,850,949,763,853,769,742,859,812,786,868
"ST13",691.921,653.354,736,632,666,675,565.00019,748.99967,667.995,806.9996,688,685,673,733.99974,699.965825,695.93
"STK3",12.8594,9.96485,15,14.8945,14.9648,6.96485,16.9648,11.8739,20.9297,14.9648,10,18,19,12.9648,11.9648,10.9297
"STMN1",0,11.0052,3.57649,8.4755,1.98311,6.7445,2.19332,2.19332,2,0,0,1.30082,0.754475,1.42913,0,0
"SULT4A1",450,555,429,526,455,476,496.44,442.525,508,477.972,501,448,517,547,496,455
"SUN2",2276.0352,2517.996,2423.00736813139,2313.990181325,2505.001148,2369.99782,2394.2979,2424.9966656,2421.0006038534,2221.77189,2291.00725,2388.6825,2547.9968,2404.0066,2294.0046988696,2395.9985789
"SUSD2",586,673,688,622,642,643,661.54,641,662,558,697,653,614.563,652,649,722
"SYCE3",77,96,97,55,65.7141,92,66,67,74,90,88,75.1019,80.7345,63,80.7345,70.9996
"SYN3",1833.997257,1857.0027,1785.0042,1744.06062,1739.99708,1747.00378,1767.001953,1774.62099,1703.00436,1774.00295,1933.397,1732.00164,1748.9955,1833.00083,1705.99901,1829.0043
"SYNGR1",1421,1482,1302.00016,1392.873,1495.001,1459,1404,1360.6119,1987.998,2211.998,2110.001,2260.99653,2141.001,2348.005,2305.875,2302.004
"TAB1",1127.00011,1074.99951,1085.99988,1192.34652,1073.00014,1144.74527,1146,1150.001,1177.99998,1202.00031,1248.00016,1139,1236.00019,1124.00053,1248.99973,1183.001
"TANGO2",560.329,392.1835,515.99777,491.0001,452.111400099388,450.6437,399.506393,345.148568,432.0000561449,428.1189,422.3653,508.9996,448.59228,465,403.95449,415.7657
"TBC1D10A",755,678.698,856,803.443,784,792.406,755,743.692,735,767.322,753,804,740,732.896,727,806
"TBC1D22A",711,746.7051,793,752.0005,771,847,718.9995,718.9997,755.0002,697,710.9999,625,853.509,781.0002,785.9998,761.9995
"TBX1",1089.958,1071.919,1078.957,991.914,1086.903,1073.87,1116.958,1125.85,930.95,1034.93,1053.906,943.914,1066.949,993.889,960.902,946.899
"TCF20",2878.00242,3029.99942,2752.00148,2902.99920037447,3108.99982,2902.9992,2929.99796,2880.99840272594,3018.9968,2973.0006866,2881.00352,2887.99760020359,3001.9992,2724.9984,3094.0016,2876.00048
"TCN2",1793.9995,1516.0003,1701.9993,1626.3557,1659.999,1684.9997,1583.9992,1497.9987,870.0001,878.9993,809.9996,947.3832,726.9999,769.999572,750,805.9998
"TCTN1",1,0,2,1,0,3,1,1,5,3,5,1,3,2,4,6
"TEF",1930.9964,1713,1843,1836.00000543534,1631,1788,1747,1930.001,1724.0005,1689.0001,1660,1634,1879.995,1623,1780,1665
"TEX33",395.0004,388.0002,328,380.00075,532.9997,355.0002,398.000807,443.9993,449.00025,336.9998,388.00034,427.9992,434.9996,392.00044,377.9998,362.0005
"TFF2",2,1,10,11,7,9,3,9,15,25,19,28,23,17,19,20
"TFIP11",1175.40810337557,1189.9766,1389.0615,1184.36564,1194.407703706,1199.69614,1280.12724,1157.78788338,1296.8587,1288.1680116,1181.11805732,1176.914273065,1099.77700951364,1145.34485,1129.7480754,1109.33473
"THAP7",445.9997,484.9998,469.00008,537.0003,519.9998,503.9999,538.99971,604,556.99945,472,524.9996,475.9998,459.00028,506.0641,595.0003,496.0008
"THOC5",2178.5779,1999.9998,2076.9332,2138.0043,1962.00081562,1950.99949,1949.99949,1960.4128,2067.0002,1957.00001,2041.6564,1843.4447,2109.99957,2274.9988,2090.99957,2174.99957
"TIMP3",909,970,1026,957,1011,910,925,884,936,899,939,934,1025,892,956,985
"TMEM121B",1811,1801.996,1774.999,1668,1665.001,1928,1765,1901.996,5037.998,4786.997,5022,5228,5007,4928.004,4969.005,4922
"TMEM131L",1,2,1,1,2,5,0,1,2,2,0,1,1,1,4,4
"TMEM184B",2211,2076.001,2249,2469.517,2178.998,2204,2145.003,2184.893,2170,2232,2388.004,2203,2156.986,2211,2175.001,2255.179
"TMEM191A",400.75,344.291,362.357,478.928,382.091,384.271,345.069,396.331,452.344,380.602,373.499,378.694,464.012,409.5693,411.678,437.38528
"TMEM191B",272.4266,237.1515,249.179,239.17096,222.9659,186.68856,245.9947,301.8629,208.9881,204.99938,159.60657,227.3283,198.51572,232.6164,232.9513,210.9653
"TMEM191C",279.82369,347.55839,300.42272,284.47156,353.94299,266.0401063,226.93626,262.76639,257.66703,267.41124,334.29341,256.26146,321.56639,209.71368,252.37071,301.93586
"TMEM211",96.99997,108,115.00019,102,86,98.99997,96.99997,105.99997,98,110,58.99997,102.99997,83.99997,95.99999,94.99997,63.99999
"TMPRSS11B",5,4,3,3,4,2,2,0,3,3,2,5,3,0,6,2
"TMPRSS6",2379.0044086,2135.997481,2104.0046332,2166.9983,2123.998799,2247.82927,2461.85997,2325.9996753,651.9999862,658.88742,521.9999,693.00004,554.00012381871,629.00000079325,625.00000470941,671.0000428304
"TNFAIP8",8,5,4,6,5,8,4,7,10,4,2,8,4,6,4,8
"TNFRSF11A",4,11,5,8,12,6,4,7,6,11,13,6,8,6,4,6
"TNFRSF13C",225,154,194,127,222,117,210,194,190,161,182,226,197,208,161.012,195
"TNRC6B",19660.00264,19271.95,19221.9574000184,19541.9888274,19271.01546272,19351.005365945,19416.0116268,19733.98388,21451.00051,20466.97,21022.5536,21096.9848,21215.950008208,21124.0170003,21193.9982,21055.9737
"TOB2",891,927.581,926,867,890,911,941,856,885,893,857,909,1043,960,895,982
"TOM1",2905.1542413,2872.00070054926,2857.02571009438,2761.004951,2685.00138,2883.1253,2838.00447,2726.00108813,2937.00174612324,2885.00410170467,2667.00012636,2760.995924,2938.1275053473,2818.0043311339,2815.99725071,2783.01655
"TOMM22",271.9998,302.9998,245.9996,286.9999,287.0002,266.0004,193.0003,393.9997,254.9997,305.9996,330.9999,249.0001,310.9995,289.9996,274.0001,268.9997
"TOP1",433,479,428,466,471,358,494,391,193,182,142,168,182,169,167,175
"TOP3B",716.714792,546.00036,619.0000527615,629.00016371,587.000471,657.611,631.99586943,652.99964,598.00010862,604.0005,520,602.00009534,656.000470421007,560.9998508925,708.9998,620
"TPST2",851.99978,651.00047,740.0081,868.00524,694.99974,897.00029,931.9997016281,863.99988,746.00025,742.00013,859.000331,745.99956,720.59676,696.000226,796.99983402,771.99984
"TPTEP1",269.0004,284.4343,244.00004,268.00022,271.00003,267.31705,311.00029,307.0004,281.46657,320.58815,337.99976,277.00041,335.32907,308.42813,270.4436,286.42761
"TRABD",473.9996,414.000022956,451.0002729,479.9995136638,404.99962,549.00024,460.99999,422.0002913,438.999805018545,488.9960236012,431.00012375568,394.507764538,444.000000435885,492.0004,428.340541741,505.0002593
"TRIM44",1.0019,2,2,2.00172,1,2.00175,1,2.00156,3,0,2.00286,1,4,1,3,6
"TRIM52",2,0,0,10,1.63841,0,3,4,3,1.55081,0,4,4,4,0,0
"TRIOBP",3265.75127,3227.22433,3283.90567,3312.00256,3291.0619,3168.999,3207.0621,3266.2844,3262.9995,3517.42828,3080.7011,3404.0881,3296.1737,3126.00001,3207.00034,3334.0039
"TRMT2A",1943.77078,1747.031513,1827.996,1765.8333,1794.94111,1748.52114,1772.5696,1806.39400350147,1775.48,1684.486,1648.65561,1589.189,1874.483,1815.9193,1694.998,1728.67600006375
"TRMU",376,346.9997,367.6892,306.2779,415.9998,356.2581,386.3789,366.99988,392.9998446,491.25207,373.9998,393.0005,420.00018928,380.0004,414.9998875,508.0000216
"TSNAX",2,1,2,2,3.00028,4,4,1,0,6,5,1,2.00013,2,2,2
"TSPO",728,842.9995,763.999,691,715.9995,647.0008,669.0002,748.9999,714.0003,628.9997,735.99947,794.0004,678.0004,701.9995,655.0002,731.0009
"TSSK2",265.137,277.081,361.137,397.789,335.407,356.396,369.148,321.89,325.86,389.373,355.53,422.407,326.867,365.429,371.485,356.171
"TST",391.0003,481.00016,444.9995,414.99995,404.9996,442.999700059878,492.99986,436,547,460.0003,442.0002,410.9996,437,452.99967,439.0001,466.0005
"TTC28",2422.3362,2531.37,2297.8326,2562.997,2435.366,2532,2462.9963,2285.999,2454.99949,2519.0045,2424.996,2453.001,2559.9959,2540.35,2478.005,2370.327
"TTC38",499,458,441,488,548.525,565,576,549,576,545,532,529.111,426,423,474,482
"TTC7B",0,0,1.99152,0,0,2.81689,3,2,1.58206,1.99697,3,3,0,2,3.00833,2.52446
"TTLL1",614,543.0004,702.000000048177,643.9998,744.0001122,593.00000435184,642.9993,675.3504,720.000000387363,590.99950905,790.000000079662,642.9999,696.0005,678.9998,675.9997,690.0007
"TTLL12",698,607,699,594,625,724,630,730.938,523,587,636,629,745,625,640,684
"TUBA8",925,867,666.838,860.898,752.074,841,867,806.461,747.491,785,764,761,838,918,759,826
"TUBGCP6",1259,1257.524,1126.9993,1163.0001,1309.0902,1071.5687,1225.0004,1219.0001,1139.0004,1115.9995,1229.9998,1011.9999,1050,1245,1280,1147.9998
"TXN2",260.0001,297.00003,314.999615528,231.999115457,293.00037176286,292.9997,318.99978,271.9998,271.00047,293.00008986,246.00002,285.99956,274.9995,345.00032,233.00045,224.99969
"TXNRD2",313.080148011322,439.625799903,369.1159,420.155000046321,394.437,380.30401,368.6873,416.867966,1979.00426962,2083.24094,2193.3654089,2107.239001,1940.2132424,2049.614578,1816.72089,2017.4101
"TYMP",1672.687,1745.796,1650.454,1714.963,1734.367,1712.422,1732.544,1661.811,3170.949,3001.389,3189.126,3014.60727,3149.155,3092.128,3206.46707,2926.463
"UBE2L3",3107.225,3186.95,2978.509,3060.237,2922.937,3080.293,2833.136,2925.996,2989.819,3184.363,2827.454,3031.372,3004.559,3168.321,3080.082,3338.302
"UFD1",625.00036,783.0001,625.9996,676.00038,746.9997,713.00014,693.99973,686.8873,665.85,730.00002,639.99978,705.87869,731.86177,671.99997,637.00032,706.00049
"UPB1",536.99961,427.99969,492.00016,506.9999,471.00002,445.00015,486.00173,458.00008,407.00011,495.00048,413.00049,391.99967,445.00038,405.9997,435.99988,445.0001
"UPK3A",329,378,298,313,312.9995,358.0005,365,397,385,334,365,383,379,379,346.0001,351.0004
"UQCR10",414.9997,355.0004,410.9996,372.0004,392.0001,304,323.9997,397.0004,378.0004,443.0001,408.9999,379.9997,398.9998,335,433.0003,435.9996
"USP14",6.39896,9.88638,11.5791,8.88729,12.4585,6.73888,14,7.70072,29.6371,31.7845,35.4274,25.8918,27.1119,28.6817,21.9372,29.1695
"USP18",313,433,448,415,398,435,467,427,417,360.435,382,456.741,476,310,393,366
"USP8",2.00081,3.00026,6.12512,5.00201,7.00083,2.00025,4.00101,3.00004,3.00019,2.02322,5.00066,3.00018,3.00006,5.00098,4.40393,1.37722
"VPREB1",105,119,158,153,134,158.9996,138,142,107,121,94,194.9996,102,149,154,121
"VPREB3",115,104.589,181,103,113,86,124,132,84,109,104,120.855,124,97,119,86
"VSNL1",7.89764,2.15041,4.65658,3.88498,1.64499,0,3.47469,1.7962,0.129118,2.85041,0,0,0,0,0,2.82536
"WBP2NL",464.9999,425.9997,475.0001,528.9999,409.9996,496.9996,454.0003,424.0001,508.9996,437.0002,523.9998,508.9998,354.0004,586.0001,499.9996,504.9996
"WDR31",5.46727,9.70668,4.90514,2.42843,2.4391,2.36996,1.54408,4.59062,0,2.39922,2.2606,4.74422,3.93864,0,0,2.49731
"WHAMMP3",1.00057,3.24829,5,0,2,0,4,4,4,2.16553,8,2,2,2.00058,9,2
"WNT7B",766.062,827,735,755,801,781,665.277,692,843,746,756,875,780.949,861,777,780
"XBP1",677,754.00038,736.00061,778.9998,799.0004,764.99966,722.9996,785.0004,2122.001,2265.9980293301,2311.995,2309.00300003712,2323.00300002519,2226.00045,2419.001749,2428.99844
"XKR3",367,315,309,281,326,351,295,318,340,357,317,277,282,363,307,381
"XPNPEP3",1863.96538,1741.95227,1979.04827,1778.90851,1902.23986,1942.96213,1874.44659,1760.65888,1899.57248,1812.25125,1800.2651300608,1822.05479,1787.39118,1852.42541,1934.77005,1749.13254
"XRCC6",423.000245229457,381.999146,410.9319,402.0004323,425.000125,468.9592052155,402.9995584,433.00069514,446.9999080502,461.00009060752,540.999810906481,484.964612687,438.4968,379.999700122,415.0000171487,432.00044075
"YDJC",908.043,707,704,827,807.512,813.009,811,873,239,183.937,329,302,246,264,283,239
"YPEL1",700.999,689.5319,651.8396,738.41955,611.4139,687.6981,654.0145,624.72,545.056,725.69533,610.32256,726.4182,671.811,622.3398,650.7942,713.873
"YWHAH",309,351,335,360,441.947,352.564,361,338,316.858,349.031,329,323,354.987,304,339,348
"Z83844.1",8.23441,8.8359,8.06656,0,10.0733,0,4.84697,7.67931,0,4.00341,3.73963,4.42565,13.5261,0,0,0
"Z83844.3",20.8192,0,0.152102,8.75219e-08,26.2393,2.66322,0.0174046,0.752594,3.3258e-08,0.00497396,33.2335,5.67669e-06,3.31481,60.7762,0.0985005,0.0226173
"Z98749.2",100,111.365000028043,134,100.9999,110,97.3335,120,86,95.5332,71.4115,79,83,129.6708,123.5723,102.5566,117.5729
"ZBED4",1357,1375,1334,1317,1345,1264,1446,1326,1348,1310,1418,1208,1396,1345,1391,1253
"ZC3H7B",1103,1114,1165,1159,1108,1094,1219,1183,1170,1105,1195,1136,1208,1243,1099,1194
"ZDHHC8",1673.3010000768,1703.0045,1633.592,1614.001,1569,1675.323,1685,1539,1659.002,1600.001,1629.999,1597.999,1822,1749.044,1555.99589,1646.595
"ZDHHC8P1",1757.698,1744,1822.388,1836,1747.998,1627.6802,1676,1610,503.0009,540.9994,528.9999794,457.9994,499.9994,507.3822,407.9998,523.37800024912
"ZMAT5",354.79121,357.1227,394.55256,300.8748,331.14306,448.75309,420.97419,308.13114,348.56485,349.78766,350.71217,296.61419,391.80367,320.09889,279.56552,334.15642
"ZNF264",4,2.00087,0,4,8,3,2,3.00006,1,4.00169,5,4,3.00009,2,3,1
"ZNF280A",418.514,424.53,385.506,423.986,339,434.06,346.97,350,462.148,339,378.926,401,398.082,391.42,409.014,450.536
"ZNF280B",1144.486,1087.47,1085.494,1256.014,1115,1176.94,1062.03,1281,986.852,1156,1267.074,1224,1055.918,1256.58,1145.986,1237.464
"ZNF326",3,3,1,4,3,1,3,2,3,3,1,2,3,5,2,2
"ZNF431",2,1.0137,1,1,1.00004,0,2,1.00002,1.00582,1.00012,2.00036,1.01578,1.00034,1,2.00043,4
"ZNF444",4,1,1.00094,0,2.05298,2.06298,3,3.00313,0,1.00098,2.00113,1.0397,3.00093,2.00158,1,1
"ZNF557",5,2.07197,4,4.08867,4,6,4,1.00005,0,4,2.04434,0,2.04434,8,2,0
"ZNF665",0,0,0,1.22609,0,0,0,0,2.45218,3.42482,0,1.22609,2.45245,2.51413,0,3.44782
"ZNF687",7,4,1,7,2,5,2,3,8,11,16,5,5,12,6,10
"ZNF70",764,726,838,778,770,751,692.286,825.402,682,694,763,752,731.324,798,729,809
"ZNF714",3,3,3,0,3,2.00038,1,1,1,2.00211,1,0,2,0,0,1
"ZNF74",3949.9978,3989,3810.00295,3881.99571,3580.0049,3474.0048,3797.95018,3805.96071,6057.9999,6336.977,6140.001,6002.94192,6313.999,6470.95143,6145.002,6451.004
"ZNF786",3,1,1,2,2,3,3,1,2,1,0,0,1,1,1,1
"ZNRF3",2639.997,2551.828,2648.004,2422.997,2774.198,2578.0039,2461.997,2637.001,2613.002,2661.004,2613.997,2633.001,2681.137,2553.001,2764,2660.996
"ZSWIM8",2.77589,1.69397,3.08192,6.77589,0,0.693973,2.77589,7.77576,3.38795,5.68027,0,0.0819185,0.0819185,1.77589,3.38795,3.46986
