"Gene.name","sample_01.fasta","sample_02.fasta","sample_03.fasta","sample_04.fasta","sample_05.fasta","sample_06.fasta","sample_07.fasta","sample_08.fasta","sample_09.fasta","sample_10.fasta","sample_11.fasta","sample_12.fasta","sample_13.fasta","sample_14.fasta","sample_15.fasta","sample_16.fasta"
"A4GALT",411,393,451,435,475,445,438,393,454,389,446,398,426,415,435,428
"AC000093.1",1616,1569,1596,1577,1610,1558,1447,1518,1579,1485,1499,1663,1639,1515,1665,1629
"AC007663.2",460,461,430,448,441,392,498,414,453,412,450,390,433,447,422,482
"AC246793.1",628,677,668,659,626,620,585,617,688,608,643,614,547,590,678,713
"AC246793.2",628,677,668,659,626,620,585,617,688,608,643,614,547,590,678,713
"ACO2",524,516,541,524,485,495,517,615,564,546,564,590,589,576,598,476
"ACR",294,308,273,308,224,248,321,280,309,259,335,245,248,291,292,351
"ADA2",611,632,532,642,593,672,664,768,664,629,626,597,617,511,598,615
"ADM2",767,808,770,785,888,773,768,783,726,772,828,767,884,834,911,918
"ADORA2A",439,537,656,570,527,508,466,508,532,520,448,541,470,571,532,531
"ADORA2A-AS1",1336,1104,1172,1199,1282,1177,1151,1259,920,833,833,798,843,812,770,903
"ADSL",458,557,555,601,620,548,536,624,524,591,603,659,565,572,596,618
"AIFM3",1854,1936,1941,1978,1945,1967,1907,1894,3227,3384,3255,3432,3315,3305,3312,3264
"AL021937.1",374,295,270,303,335,316,348,263,274,345,239,257,362,324,287,346
"AL022323.1",233,171,185,197,192,244,249,213,206,172,268,208,182,173,225,224
"ALG12",518,457,468,490,477,508,490,501,462,443,510,529,454,484,508,470
"ANKRD54",861,979,818,911,772,832,755,786,859,854,864,988,826,840,838,842
"ANKRD62P1-PARP4P3",318,283,353,346,343,279,300,314,357,333,293,332,383,282,370,283
"AP000351.2",122,116,91,106,108,91,135,113,99,114,170,106,99,96,108,95
"AP1B1",2610,2501,2404,2551,2530,2315,2376,2591,2304,2501,2551,2588,2351,2726,2460,2563
"AP1B1P1",171,162,171,152,136,144,169,119,188,169,192,186,144,161,169,155
"APOBEC3A",781,756,825,754,794,791,838,678,737,870,815,722,813,780,801,872
"APOBEC3B",717,643,632,576,653,578,629,613,552,702,563,703,612,685,592,565
"APOBEC3C",181,242,164,215,242,237,246,177,218,197,226,226,186,270,253,234
"APOBEC3D",555,498,538,575,495,494,500,470,583,503,532,480,509,555,573,496
"APOBEC3F",2048,2076,1873,2015,1992,2132,2068,2129,1123,1027,1183,1079,1214,1135,1156,1150
"APOBEC3G",336,406,331,390,370,315,364,409,412,387,391,279,388,373,430,373
"APOBEC3H",875,831,721,762,812,766,814,809,871,754,743,771,826,862,741,726
"APOL1",2371,2232,2168,2611,2528,2247,2372,2371,2383,2199,2258,2417,2332,2456,2282,2222
"APOL2",1012,1131,1183,985,1131,1148,1018,1051,1064,1164,1046,1016,1109,1090,1030,993
"APOL3",1789,1870,1882,1925,1926,1866,1919,1913,2038,1940,2172,2065,1792,1830,1823,1946
"APOL4",1449,1279,1268,1290,1364,1340,1324,1373,1436,1352,1321,1293,1260,1405,1285,1439
"APOL5",222,249,271,289,266,248,278,292,262,291,241,320,267,293,271,276
"APOL6",1970,2169,2160,2249,1957,1954,2080,2067,1836,1922,2015,2090,2058,1940,2072,2025
"ARFGAP3",2004,2003,2083,1952,2005,1964,2029,1901,1114,1205,1057,1064,985,1042,1233,1096
"ARHGAP8",969,995,1024,993,988,977,980,1112,1037,881,887,1034,941,1063,914,947
"ARSA",4112,4228,4185,4319,4344,4153,4130,4213,11225,11398,11003,10664,10840,10902,11136,11001
"ARVCF",813,785,925,811,854,874,786,822,830,834,835,818,919,878,800,843
"ASCC2",1141,1215,1090,972,1130,1206,1125,973,1056,1206,1047,1091,988,1112,1122,1033
"ASPHD2",652,679,610,680,690,635,655,676,694,673,724,618,727,744,613,621
"ATF4",839,749,651,666,671,686,681,654,729,731,716,586,734,706,630,633
"ATP5MGL",170,151,190,204,118,166,169,152,200,183,200,158,151,190,149,148
"ATP6V1E1",756,936,830,871,891,789,783,866,786,862,836,867,842,832,803,829
"ATXN10",1255,1330,1402,1321,1352,1382,1308,1326,1244,1285,1187,1239,1296,1219,1257,1329
"BAIAP2L2",1514,1508,1461,1565,1434,1445,1613,1692,441,397,448,428,408,412,405,368
"BCL2L13",11757,11820,11105,11217,11208,11600,11269,11590,9975,9641,9468,9709,9951,10090,9528,10120
"BCR",4878,4994,4885,4798,5001,4671,4863,4640,2650,2759,2813,2870,2633,2568,2648,2596
"BCRP2",521,461,525,393,465,465,499,460,476,424,476,445,492,436,410,469
"BCRP3",259,300,275,306,263,325,291,284,268,326,281,243,309,291,245,284
"BID",3825,3855,3807,3971,3823,3707,3974,3562,4649,4321,4646,4545,4644,4478,4643,4862
"BIK",230,159,234,202,153,214,180,188,218,180,165,184,200,199,160,175
"BMS1P17",138,130,164,140,155,182,199,106,171,136,127,105,147,133,151,168
"BPIFC",411,426,363,452,376,371,344,375,395,438,393,359,453,348,371,426
"BX537318.2",805,793,918,842,854,922,777,724,730,854,856,883,787,786,838,894
"C1QTNF6",1012,950,987,983,904,964,926,954,859,938,950,763,899,958,825,977
"C22orf15",202,200,183,163,185,167,249,154,146,206,196,203,148,139,165,215
"C22orf23",773,757,728,663,727,712,769,743,711,733,743,764,808,775,775,701
"C22orf24",298,267,248,222,257,275,258,249,1424,1287,1368,1334,1191,1333,1247,1360
"C22orf31",267,234,214,197,170,206,210,208,233,231,195,240,251,234,205,163
"C22orf39",639,759,713,821,657,690,576,806,815,653,824,673,745,605,710,674
"C22orf42",159,192,189,155,158,128,122,155,155,215,137,185,142,166,153,160
"C22orf46",1000,956,957,1026,989,1009,1013,942,1032,1002,1083,925,995,1035,943,1006
"CABIN1",4297,4059,4733,4187,4373,4550,4474,4326,4499,4479,4480,4337,4345,4387,4490,4363
"CABP7",627,617,495,629,626,583,615,548,655,567,660,591,608,568,558,646
"CACNA1I",3962,4027,3962,3875,3943,4119,3899,3968,4175,4194,3917,3885,3846,3889,4018,4020
"CACNG2",922,864,901,884,899,972,908,913,832,921,861,858,869,819,829,829
"CARD10",824,817,731,730,715,799,840,832,815,846,711,839,727,885,764,785
"CASTOR1",332,343,388,308,373,291,334,257,300,337,324,340,315,422,385,310
"CBX6",555,643,704,670,681,696,627,644,642,675,626,726,682,694,776,661
"CBX7",759,712,731,852,790,778,852,926,782,820,834,807,792,891,773,854
"CBY1",555,437,482,495,434,523,516,442,472,552,499,551,469,490,445,484
"CCDC116",429,486,451,464,501,526,414,453,437,471,450,466,459,451,524,449
"CCDC117",722,779,871,913,646,850,801,762,4105,4322,4339,4014,4094,4053,4159,3834
"CCDC134",220,274,314,242,317,228,188,243,306,233,324,250,208,329,282,218
"CCDC157",588,588,621,620,645,547,553,609,590,666,626,703,627,631,504,580
"CCDC188",73,166,92,134,93,156,114,121,131,186,149,112,86,159,98,164
"CCT8L2",413,362,408,357,417,472,407,385,356,409,406,429,425,420,406,369
"CDC42EP1",466,447,513,350,475,388,427,481,474,515,524,462,416,377,474,450
"CDC45",1297,1113,1105,1277,1142,1151,1099,1187,1238,1264,1146,1270,1185,1148,1288,1166
"CDPF1",295,323,359,291,306,319,263,342,232,264,259,287,354,287,321,370
"CECR3",391,417,298,386,371,376,379,380,448,372,461,324,435,404,360,334
"CECR7",591,501,651,530,618,561,510,488,522,510,577,520,497,549,555,503
"CELSR1",2483,2352,2324,2379,2312,2288,2278,2230,2339,2148,2249,2110,2361,2194,2362,2224
"CENPM",486,423,430,441,559,426,504,510,455,542,403,538,429,557,529,445
"CERK",903,922,756,903,974,884,905,901,775,989,893,919,831,876,960,901
"CES5AP1",271,296,268,260,196,263,257,209,222,171,181,189,190,173,171,186
"CHADL",530,477,486,425,497,476,446,592,507,664,492,512,467,519,633,514
"CHCHD10",166,191,164,165,194,141,124,142,156,130,156,143,194,149,171,174
"CHEK2",1544,1378,1469,1531,1514,1421,1624,1396,1455,1425,1363,1544,1510,1536,1578,1520
"CHKB",346,350,279,352,301,345,267,331,289,305,302,369,340,319,276,320
"CHKB-AS1",153,104,102,131,142,118,112,135,121,150,130,146,125,92,150,128
"CHKB-CPT1B",892,798,786,909,948,966,839,961,761,809,827,1008,808,933,790,988
"CLDN5",862,756,723,873,773,841,882,688,839,846,843,818,891,801,842,759
"CLTCL1",2172,2044,2255,2269,2317,2059,2287,2307,2183,2285,2210,2059,1989,1987,1963,2131
"COMT",1858,1935,2083,2062,1998,2082,1910,1998,1822,1941,1816,1752,1773,1767,1748,1822
"CPT1B",3425,3365,3421,3403,3303,3404,3251,3332,7074,6969,7188,7022,6819,6919,7158,6948
"CRELD2",597,553,636,551,631,659,610,558,609,725,598,558,660,547,547,574
"CRKL",1072,1045,1159,947,1089,1101,1143,1130,1004,1065,1093,1171,1057,1028,1075,1098
"CRYBA4",162,172,146,101,157,213,128,170,154,172,129,171,159,190,172,158
"CRYBB1",216,195,213,147,159,179,177,166,224,218,208,160,161,183,178,217
"CRYBB2",156,150,132,177,184,180,146,161,175,137,151,141,148,197,151,162
"CRYBB2P1",1001,1075,1080,1174,1013,1066,1200,1101,657,655,550,584,567,612,556,611
"CRYBB3",118,143,223,194,188,186,163,215,180,187,161,140,155,203,189,216
"CSDC2",622,547,524,561,521,444,552,489,489,486,520,470,525,550,477,461
"CSF2RB",992,1001,1110,1014,969,1007,955,973,959,1000,1009,983,932,907,927,903
"CSNK1E",1076,1112,1074,1187,1185,1057,1199,1048,3044,3097,2967,3185,2957,2934,3007,3055
"CYB5R3",3050,2971,3175,3013,3063,3091,2864,2881,3139,2820,3227,3065,2929,2988,3046,3099
"CYP2D6",629,698,674,637,609,628,643,616,612,564,582,611,640,638,673,601
"CYP2D7",329,352,271,294,289,227,328,384,316,318,339,379,407,330,285,309
"CYTH4",659,624,622,591,534,633,660,598,568,644,572,769,573,646,581,608
"DDT",527,461,506,595,605,633,610,458,304,283,279,277,291,314,257,241
"DDTL",301,272,286,365,338,348,324,358,393,323,251,348,374,282,342,364
"DDX17",1971,1970,2002,1905,1905,1929,1852,1953,1993,1978,2046,1963,1779,2002,2029,2024
"DENND6B",473,335,367,427,485,438,385,460,360,452,434,467,434,425,430,430
"DEPDC5",4861,5084,4868,4939,4764,4820,4810,5098,4419,4728,4552,4857,4892,4798,4813,4717
"DERL3",1497,1404,1448,1522,1342,1364,1509,1442,1617,1434,1440,1485,1491,1432,1384,1556
"DESI1",695,771,748,727,704,702,731,767,698,705,781,710,662,788,773,747
"DGCR11",445,444,468,451,425,491,461,438,406,445,389,432,385,421,402,428
"DGCR2",4328,4348,4624,4571,4357,4477,4405,4070,4340,4489,4406,4626,4215,4388,4328,4714
"DGCR6",285,211,290,237,242,234,233,293,186,270,247,331,270,262,267,227
"DGCR6L",246,243,245,247,247,276,242,228,235,267,241,259,307,264,234,224
"DGCR8",1720,1968,1723,1824,1715,1802,1770,1664,1830,1743,1868,1816,1767,1739,1851,1774
"DGCR9",474,470,408,411,523,497,405,464,1953,1708,1954,2131,1945,1889,1910,2042
"DMC1",385,388,405,474,440,472,387,438,487,416,512,428,468,437,450,477
"DNAJB7",563,466,489,576,506,492,502,544,535,611,513,552,549,421,544,441
"DNAL4",334,323,305,264,291,351,321,285,319,255,263,282,374,290,290,306
"DRG1",950,1056,1025,966,1041,1128,968,1101,367,330,293,324,291,321,305,334
"DRICH1",201,264,275,317,267,293,308,245,258,244,260,270,278,254,255,279
"DUSP18",585,406,561,476,525,517,541,514,462,567,462,437,404,509,496,502
"EFCAB6",1837,2060,1845,1876,1932,1802,1839,2074,1855,1977,1887,1972,1865,1918,1813,1727
"EFCAB6-AS1",765,776,781,879,852,896,840,735,402,439,367,383,411,411,414,477
"EIF3D",429,414,452,449,397,411,496,382,448,397,329,419,395,375,343,450
"EIF3L",797,863,792,772,852,809,814,737,748,720,807,822,756,691,865,875
"EIF4ENIF1",2169,2081,1981,1961,2030,2089,2039,2196,1889,2035,2168,1962,2060,2230,2140,2048
"ELFN2",1789,1640,1667,1754,1616,1596,1658,1716,1773,1450,1613,1642,1687,1765,1733,1661
"EMID1",873,802,770,796,814,945,819,885,776,872,840,830,881,848,790,877
"ENTHD1",583,606,582,584,503,542,585,593,575,557,533,588,590,561,481,560
"EP300",1860,1701,1790,1778,1699,1814,1804,1795,1797,1786,1829,1866,1621,1668,1684,1824
"ESS2",1108,1233,1022,1099,1052,1127,978,1119,1050,1061,1129,1025,1023,1039,937,1218
"EWSR1",2571,2430,2439,2448,2459,2341,2434,2402,2474,2500,2508,2584,2581,2400,2400,2434
"FAM109B",522,434,520,474,365,587,462,486,469,549,464,434,512,447,494,487
"FAM118A",1180,1230,1251,1229,1225,1402,1137,1246,1156,1207,1182,1276,1126,1253,1306,1442
"FAM19A5",1537,1545,1447,1577,1572,1534,1569,1605,1069,1113,1025,1052,1093,948,1009,1010
"FAM227A",2123,1936,2019,1930,2120,2065,1932,2002,2195,2179,1988,2133,1955,2005,2105,2000
"FAM83F",418,427,439,400,362,412,446,355,2070,2225,2034,2135,2166,2018,2140,2098
"FBLN1",2077,2121,2107,1940,1910,2091,1936,1993,2105,2152,2174,2180,2130,2196,2044,2082
"FBXO7",1088,1158,1171,1117,1162,1181,1121,1090,1188,1123,1256,1235,1162,1180,1118,1209
"FBXW4P1",401,391,427,411,473,375,508,411,457,496,501,482,456,540,509,342
"FOXRED2",1911,2081,2103,2009,2098,2034,1965,1959,2030,1905,2067,2056,2097,1949,2025,1995
"GAB4",561,537,474,506,492,547,498,474,606,567,564,476,548,580,477,555
"GAL3ST1",343,377,349,408,318,334,357,370,344,385,363,438,325,385,268,341
"GALR3",210,216,239,231,272,243,216,236,203,225,191,208,282,236,262,243
"GAS2L1",1033,971,935,998,1015,1028,917,935,1055,1014,1078,1027,943,1082,1184,996
"GCAT",598,644,638,605,534,660,650,630,548,538,659,656,591,580,661,572
"GGA1",2893,2710,2718,2771,2911,2800,2937,2776,4891,5143,5029,5276,5151,5257,5236,5150
"GGT1",528,504,480,455,481,498,437,410,542,481,558,553,503,415,460,499
"GGT3P",372,398,429,401,439,498,448,402,2174,2090,2235,2091,2171,1978,1976,2017
"GGT5",1435,1547,1563,1618,1362,1359,1371,1571,1402,1382,1443,1434,1433,1622,1568,1460
"GGTLC2",197,175,159,151,142,196,186,169,185,195,134,210,158,161,169,145
"GNAZ",713,638,681,615,587,655,698,665,721,680,647,549,640,638,640,676
"GNB1L",301,262,320,271,296,334,240,350,360,334,320,288,327,288,342,314
"GP1BB",225,167,180,198,201,235,209,228,125,208,183,183,182,148,184,240
"GRAMD4",778,817,878,819,910,935,848,793,899,853,884,872,808,872,811,933
"GRAP2",321,289,271,285,272,280,266,323,306,322,305,285,336,292,306,286
"GRK3",1933,1859,1741,1787,1837,1698,1874,1884,1683,1792,1793,1932,1957,1717,1695,1757
"GSC2",172,141,100,110,122,144,100,107,121,114,105,131,112,128,127,158
"GSTT1",391,411,393,414,465,409,433,391,203,218,239,178,223,210,234,229
"GSTT2",196,289,221,195,261,214,182,228,161,241,252,259,159,290,184,253
"GSTT2B",225,175,188,228,243,227,205,272,216,242,166,188,234,234,230,227
"GSTT4",150,144,165,150,115,161,139,151,131,193,143,117,194,135,153,130
"GTPBP1",992,1103,959,954,973,1092,1013,1079,995,1062,1024,1041,1020,1060,954,1071
"GTSE1",642,551,635,578,594,661,632,610,615,601,661,671,658,580,565,577
"GTSE1-AS1",325,364,301,361,264,320,386,291,263,328,328,384,318,281,314,294
"GUCD1",1424,1573,1277,1422,1490,1498,1485,1661,692,615,717,748,708,733,764,780
"GUSBP11",657,707,758,670,611,690,696,709,685,666,695,622,680,690,801,671
"H1F0",696,664,646,786,659,739,696,700,499,421,398,504,487,454,405,472
"HDAC10",1061,1085,1130,981,1098,1051,1039,1137,1047,1063,1121,1084,1079,1162,1068,1040
"HDHD5",754,619,685,719,718,688,687,768,731,642,779,716,697,742,667,733
"HDHD5-AS1",204,165,186,182,152,190,173,164,261,202,179,166,229,188,169,188
"HIC2",2595,2659,2708,2844,2569,2617,2728,2591,1355,1497,1304,1388,1400,1521,1334,1447
"HIRA",908,814,846,825,775,827,905,823,873,741,817,824,866,814,792,724
"HMGXB4",3787,3735,3898,3867,3987,3616,3828,3745,1780,1593,1828,1654,1722,1609,1669,1715
"HMOX1",612,647,670,622,595,689,763,590,272,304,305,326,305,377,308,394
"HORMAD2",345,438,386,442,413,402,399,376,338,396,374,369,375,294,423,400
"HPS4",3851,4081,3961,4092,4190,3926,4036,3775,3939,4047,3929,4032,3917,4174,4072,3731
"HSCB",197,268,219,223,225,226,177,211,183,268,238,248,221,261,164,185
"HSFY1P1",408,369,438,440,449,385,441,349,270,296,275,246,263,252,279,239
"IFT27",580,590,614,574,615,682,622,661,571,626,596,567,544,537,583,671
"IGLL1",333,339,321,311,410,297,352,344,303,352,320,360,422,358,300,334
"IGLL5",497,389,380,432,426,379,397,343,1054,1042,1044,1056,1030,1211,1115,1103
"IL17RA",1667,1714,1798,1805,1649,1806,1808,1583,7622,7895,7931,7590,7725,7792,7585,7949
"IL17REL",733,682,663,776,741,720,778,671,724,672,657,648,756,699,754,685
"IL2RB",836,781,767,822,893,854,867,786,750,780,788,783,717,840,708,845
"INPP5J",411,457,455,443,411,456,459,447,407,430,479,423,403,487,410,487
"JOSD1",765,784,697,735,633,701,782,689,641,746,724,673,618,659,644,708
"KCNJ4",884,795,816,778,701,744,835,790,785,780,880,784,700,828,902,823
"KCTD17",301,370,321,370,407,362,330,387,318,380,347,361,278,319,320,324
"KDELR3",746,766,717,701,740,681,684,778,557,447,566,531,496,499,609,603
"KIAA0930",2522,2607,2361,2489,2190,2578,2553,2621,2476,2444,2403,2484,2480,2533,2629,2577
"KIAA1671",2060,2350,1981,2027,2227,2037,2316,2053,2027,1896,2091,2311,2059,2102,2150,2082
"KLHDC7B",598,650,584,667,557,561,590,609,671,467,640,639,618,709,658,509
"KLHL22",949,1013,1057,1001,1046,954,997,977,1131,1029,1009,1166,1074,946,1025,1000
"KREMEN1",1739,1767,1874,1685,1960,1850,1905,1824,1774,1739,1740,1800,1681,1641,1717,1823
"L3MBTL2",684,592,654,610,684,699,666,707,538,662,665,711,693,624,678,535
"LARGE-AS1",736,742,731,803,807,856,783,725,771,794,740,674,794,912,802,803
"LARGE1",1683,1790,1702,1680,1508,1694,1645,1761,4927,4841,5013,5211,4884,4932,4774,5106
"LGALS1",89,125,131,91,119,90,132,101,127,91,83,140,126,164,86,95
"LGALS2",111,141,90,108,102,123,155,117,120,115,109,104,105,99,103,92
"LIF",1702,1459,1571,1508,1529,1544,1671,1561,1526,1560,1812,1429,1590,1709,1529,1541
"LIMK2",1959,2098,2128,1979,2162,2073,1989,2055,2158,2082,2030,2072,2242,2152,2102,2080
"LINC00207",460,468,425,358,424,379,447,461,447,578,339,515,409,376,465,404
"LINC00229",165,111,193,150,159,190,157,199,165,164,140,145,141,163,201,170
"LINC00634",273,296,273,320,294,344,308,324,293,310,291,276,326,307,257,309
"LINC00896",427,426,409,484,434,452,443,390,468,445,479,390,434,457,435,409
"LINC00898",804,801,907,928,908,774,773,771,760,860,840,837,785,877,803,829
"LINC00899",389,287,367,351,333,294,262,354,311,301,325,309,259,308,333,334
"LINC01310",757,875,820,766,747,766,920,950,731,750,709,855,890,790,841,833
"LINC01634",476,444,433,498,556,463,491,497,443,462,528,478,496,515,469,466
"LMF2",1687,1507,1551,1438,1510,1661,1649,1575,497,509,521,554,566,579,642,638
"LRP5L",1048,1100,968,981,1092,1015,1047,1095,1147,999,1037,1062,1068,921,1152,1157
"LRRC74B",1031,1005,1052,957,840,956,927,1022,1052,1044,1066,996,1056,1151,1092,1061
"LRRC75B",242,290,286,246,270,281,281,282,239,223,270,277,333,288,266,264
"LZTR1",876,843,825,946,944,847,855,913,895,797,826,800,838,894,887,841
"MAFF",1859,1973,1845,1935,1963,2001,1821,1858,1870,1978,2015,2053,1770,1860,1862,1830
"MAPK1",1306,1384,1524,1500,1504,1422,1421,1483,1494,1333,1593,1389,1658,1454,1550,1319
"MAPK11",489,430,459,479,540,446,505,552,468,450,496,441,488,549,504,558
"MAPK12",316,418,312,329,301,384,401,319,415,360,378,286,343,408,316,345
"MAPK8IP2",731,721,580,694,664,696,685,651,753,652,727,700,657,743,728,610
"MB",645,787,670,762,601,753,630,769,762,690,668,681,649,734,659,641
"MCAT",1102,1244,1229,1180,1308,1074,1245,1227,3046,3099,3006,2970,2835,2776,2872,2970
"MCHR1",1429,1416,1554,1490,1481,1437,1667,1434,478,464,507,517,501,510,484,468
"MCM5",601,548,457,544,537,515,478,467,510,447,534,477,539,567,544,543
"MED15",2241,2478,2259,2298,2230,2233,2420,2346,1311,1287,1220,1496,1486,1358,1352,1301
"MEI1",828,806,779,792,709,804,865,764,844,699,789,743,787,797,866,793
"MFNG",1291,1157,1240,1263,1238,1233,1199,1374,1160,1247,1134,1247,1138,1184,1257,1115
"MGAT3",2077,2048,2019,2047,2007,1945,1993,2041,2068,2000,1858,2059,2044,2129,2083,2102
"MIAT",8412,8025,8103,8145,8100,8089,7990,8288,8160,8069,8110,8136,8009,8205,8215,8139
"MICAL3",4385,4209,4057,4263,4197,4227,3942,4230,4258,4225,4141,4168,4409,4029,4192,4190
"MICALL1",898,1025,857,871,928,864,853,852,942,802,886,944,1044,862,834,865
"MIEF1",1137,1209,1177,1034,1094,1227,1151,1178,1091,1080,1237,1164,1095,1176,1129,1126
"MIF",129,149,128,84,112,93,157,124,76,101,120,120,133,106,109,84
"MIF-AS1",462,428,451,416,381,458,440,440,444,471,411,543,505,436,433,445
"MIOX",274,320,308,273,279,331,292,288,305,300,260,327,287,272,267,282
"MIR1249",22,4,1,6,4,7,15,15,10,13,16,15,2,20,21,10
"MIR1281",26,15,7,12,31,2,4,29,1,6,4,21,4,20,14,17
"MIR1286",2,24,21,9,21,22,19,32,3,7,17,5,28,4,21,9
"MIR1306",14,13,20,16,24,5,25,7,15,4,23,30,12,18,20,27
"MIR130B",27,24,17,9,5,32,22,20,14,11,23,14,19,15,16,7
"MIR185",10,16,14,35,25,15,26,5,17,5,34,10,18,27,23,11
"MIR301B",15,14,20,21,21,12,15,6,16,23,26,29,14,7,7,21
"MIR3198-1",4,17,13,22,20,28,12,13,15,4,9,14,13,19,16,13
"MIR3199-1",29,9,8,12,20,33,12,23,20,29,12,8,16,16,15,12
"MIR3199-2",12,22,19,10,7,17,12,24,16,25,6,16,5,10,16,19
"MIR3200",10,12,18,11,10,13,11,30,7,19,17,15,12,18,18,14
"MIR3201",12,8,7,4,6,11,6,9,4,12,14,2,20,7,11,21
"MIR33A",18,14,33,6,8,15,6,5,7,11,8,7,19,32,10,26
"MIR3618",36,22,12,20,26,30,16,15,13,22,16,13,13,16,15,23
"MIR3619",12,18,8,19,19,11,24,20,31,14,2,8,7,16,16,14
"MIR3653",22,8,15,38,25,28,39,14,46,9,24,21,15,34,16,22
"MIR3909",22,26,21,18,15,43,18,13,22,18,22,21,23,31,19,17
"MIR3928",32,46,31,17,25,42,21,61,5,10,6,11,7,3,13,7
"MIR4534",8,20,15,19,16,19,19,8,10,8,20,9,12,26,6,10
"MIR4535",15,17,5,45,13,13,4,8,6,4,9,12,15,15,5,21
"MIR4761",5,12,16,10,10,25,2,19,15,8,4,16,26,12,23,15
"MIR4762",20,26,25,27,11,12,11,28,10,17,10,15,11,19,8,9
"MIR4763",13,24,13,13,28,10,11,52,13,13,20,18,25,19,13,8
"MIR4764",30,6,13,32,18,29,16,19,20,19,51,10,14,24,20,11
"MIR4766",7,9,8,23,13,2,1,6,5,17,26,17,11,17,9,33
"MIR548J",37,21,14,18,20,16,11,23,40,17,31,32,20,11,23,11
"MIR648",28,11,27,9,3,12,17,21,7,14,32,23,10,14,9,13
"MIR650",25,18,15,17,19,23,10,23,22,13,22,20,16,7,20,16
"MIR658",17,21,29,25,19,17,34,26,10,22,17,10,36,12,17,17
"MIR659",21,27,7,11,26,15,20,9,25,24,20,11,28,40,16,29
"MIRLET7A3",10,14,13,28,21,9,18,13,8,4,5,10,16,15,7,6
"MIRLET7B",22,30,10,17,10,22,17,39,17,22,8,13,21,9,12,13
"MIRLET7BHG",2344,2343,2155,2397,2369,2315,2372,2302,1002,1053,905,1025,1046,870,923,917
"MKL1",909,784,900,810,1052,960,814,821,833,989,886,931,970,906,863,890
"MLC1",1487,1452,1589,1513,1463,1573,1485,1552,1446,1635,1451,1534,1532,1444,1456,1407
"MMP11",406,444,475,435,489,445,495,346,421,384,524,440,510,476,433,460
"MN1",1497,1236,1629,1487,1603,1492,1539,1588,1592,1553,1375,1552,1535,1423,1703,1420
"MORC2",832,885,948,916,841,931,900,888,904,1003,917,844,894,899,897,841
"MORC2-AS1",487,360,402,394,420,390,401,468,391,418,400,421,468,409,498,481
"MOV10L1",2648,2651,2467,2715,2596,2503,2691,2537,2600,2462,2525,2462,2507,2566,2588,2730
"MPPED1",548,460,565,578,596,550,507,632,531,490,528,484,456,536,515,501
"MPST",921,859,817,871,885,896,761,858,894,776,894,834,858,800,815,914
"MRPL40",137,157,105,188,156,170,95,169,191,158,129,181,185,137,225,174
"MTFP1",514,373,498,459,477,516,461,516,530,509,425,493,459,476,458,520
"MTMR3",5563,5544,5109,5201,5518,5217,5342,5318,5657,5151,5167,5419,5165,5193,5279,5439
"MYH9",1512,1452,1507,1466,1473,1533,1544,1500,1542,1529,1403,1521,1473,1416,1448,1612
"MYO18B",1731,1605,1718,1659,1557,1798,1852,1718,1728,1803,1667,1751,1787,1741,1597,1693
"NAGA",725,768,718,743,774,733,717,730,693,787,864,648,901,735,765,747
"NCAPH2",1619,1676,1590,1564,1602,1630,1556,1632,1526,1560,1616,1592,1636,1545,1677,1660
"NCF4",605,629,636,572,566,573,571,611,577,623,639,712,529,538,601,590
"NDUFA6",264,238,242,209,236,275,230,245,270,212,219,225,225,246,211,163
"NDUFA6-AS1",358,287,334,440,348,313,309,353,337,306,303,285,349,331,322,389
"NEFH",735,699,759,682,675,731,791,756,688,716,733,813,868,666,782,677
"NF2",9212,9090,9390,9488,9519,8915,9234,9249,9300,9530,9573,9124,8998,9184,9077,9297
"NFAM1",2698,2966,2845,2754,2827,2768,2759,2637,1128,1195,1100,1037,887,1117,1063,1085
"NIPSNAP1",786,835,824,896,803,851,871,776,827,801,748,903,894,794,884,907
"NOL12",2023,2039,1971,1919,2148,2031,1946,1989,560,621,591,615,545,497,624,550
"NPTXR",1234,1187,1255,1124,1254,1077,1177,1219,4950,4896,4676,4868,4784,4715,4681,4766
"NUP50",2094,1994,2229,2025,1890,1944,1912,2200,2098,1916,2108,1994,1899,2105,2069,1931
"NUP50-AS1",560,520,486,545,610,587,508,578,535,512,514,491,542,505,534,588
"ODF3B",225,206,214,211,210,214,172,170,213,173,186,143,157,209,185,192
"OGFRP1",180,311,245,275,182,237,212,249,279,274,199,248,267,219,311,220
"OR11H1",200,152,175,220,175,147,201,225,141,180,146,200,217,160,204,172
"OSBP2",809,833,953,858,887,808,896,871,879,951,882,963,842,890,842,894
"OSM",390,378,425,445,358,375,370,332,379,387,348,421,405,362,401,317
"P2RX6",2105,2353,2089,2264,2087,2288,2147,2165,1041,1208,1080,1087,1016,1104,1062,1162
"PACSIN2",2042,1975,1807,1865,1915,1967,1970,1776,4274,4145,4232,4300,4323,4160,4154,4264
"PANX2",1919,1860,1811,1793,1768,1878,1818,1767,1926,1777,1923,1677,2014,1832,1938,1722
"PARVB",1403,1413,1354,1370,1230,1314,1309,1271,1393,1347,1314,1281,1269,1400,1316,1404
"PARVG",1422,1509,1297,1405,1473,1371,1395,1317,1322,1499,1413,1406,1467,1610,1345,1412
"PATZ1",2823,2910,2666,2718,2951,3052,2853,2949,9842,9910,9636,9848,9766,10049,9548,9860
"PDGFB",1088,1104,1125,1123,1078,1135,1092,1057,1131,1155,1157,1092,1237,1124,1108,1162
"PDXP",469,410,469,557,365,428,362,442,478,452,450,410,382,382,378,417
"PES1",810,836,953,964,984,924,900,954,899,927,825,931,883,908,1004,894
"PEX26",2476,2451,2629,2470,2382,2267,2474,2355,2385,2652,2460,2493,2626,2498,2455,2695
"PHF21B",2298,2489,2425,2455,2497,2368,2326,2595,2234,2107,2044,2071,2052,2066,2218,2190
"PHF5A",198,205,251,183,214,220,251,224,278,218,231,248,233,230,206,217
"PI4KA",1233,1455,1246,1349,1340,1363,1352,1356,1395,1418,1344,1343,1455,1320,1449,1340
"PI4KAP1",426,465,446,493,555,488,501,466,443,445,433,567,486,478,527,457
"PI4KAP2",438,452,504,467,416,418,465,537,528,383,496,392,394,434,360,430
"PICK1",1219,1261,1220,1246,1248,1343,1270,1234,1329,1331,1420,1364,1379,1234,1316,1281
"PIK3IP1",943,992,914,981,968,984,995,1059,2560,2794,2855,2690,2625,2766,2586,2711
"PIM3",478,458,517,504,502,469,524,519,453,476,536,465,488,502,541,487
"PISD",659,565,496,485,496,537,496,439,517,563,546,533,524,478,493,529
"PITPNB",527,536,547,621,572,568,593,504,529,605,633,619,556,603,608,608
"PIWIL3",4196,4448,4178,4138,3959,4336,4112,4196,4944,4937,4774,4987,5057,4996,4788,5085
"PKDREJ",1416,1624,1475,1599,1595,1549,1548,1536,1529,1580,1428,1541,1429,1458,1567,1534
"PLA2G3",577,544,581,661,565,495,516,468,590,542,521,469,511,502,546,499
"PLA2G6",1947,1772,1959,1942,1815,1773,1729,1851,1915,1814,1881,1826,1931,1946,1732,1887
"PLXNB2",1349,1400,1267,1309,1306,1225,1347,1352,6887,6790,6851,7149,6991,6881,6823,6985
"PMM1",251,247,223,238,319,263,322,254,308,266,246,268,224,243,325,255
"PNPLA3",519,568,472,580,595,582,506,579,572,513,533,500,584,543,639,641
"PNPLA5",924,962,977,973,883,991,937,980,997,997,885,924,946,904,965,1006
"POLDIP3",1336,1228,1504,1354,1306,1479,1385,1312,3706,3869,3656,3645,3617,3755,3723,3676
"POLR2F",421,373,446,407,492,476,343,463,412,410,474,547,440,470,394,383
"POLR3H",2428,2614,2662,2489,2462,2715,2501,2609,2640,2778,2501,2652,2564,2738,2718,2543
"POM121L9P",1066,998,1051,1143,994,1107,1012,1045,1153,1058,1096,1114,1030,1020,949,1005
"POTEH",387,393,414,355,468,375,435,408,375,401,365,444,351,390,356,411
"PPARA",4072,3925,3943,3984,4146,3873,3860,3796,4037,3910,3942,3993,3980,3993,3968,3915
"PPIL2",2052,2029,2023,2190,1899,1888,2035,2044,1987,1832,2021,1990,2013,1846,1784,1963
"PPM1F",1012,1039,916,990,991,962,1179,959,984,1039,1064,955,942,1103,908,1048
"PPP6R2",3206,3268,3110,3361,3361,3261,3108,3228,3198,3270,3166,3258,3181,2977,3263,3301
"PRAME",2777,2986,2897,3030,3067,2882,3049,3112,2348,2326,2302,2309,2244,2250,2001,2274
"PRODH",923,875,936,814,870,818,925,968,924,841,855,900,885,853,805,875
"PRR14L",6486,6513,6215,6369,6359,6457,6213,6391,2228,2185,2126,2155,2046,2280,2103,2160
"PRR34",399,367,319,347,418,328,337,355,360,351,320,396,396,420,324,374
"PRR5",2401,2222,2368,2448,2393,2504,2321,2487,4108,4189,4130,3955,3981,3952,4023,4214
"PRR5-ARHGAP8",387,324,379,384,400,392,375,405,399,294,316,430,353,322,340,420
"PVALB",146,160,122,93,135,129,103,139,82,99,135,97,159,85,117,116
"RAB36",714,832,776,736,787,688,844,818,812,796,745,740,726,727,797,833
"RABL2B",3322,3188,3200,3068,3238,3201,3217,3259,3149,2961,3113,3072,3198,3217,3186,3013
"RAC2",265,339,341,297,292,260,287,272,267,342,280,313,260,277,316,336
"RANBP1",248,222,262,235,282,207,185,293,1383,1267,1224,1227,1181,1236,1183,1218
"RANGAP1",764,803,841,865,707,751,784,710,842,779,724,801,805,738,758,724
"RASD2",726,699,586,674,622,600,506,599,592,647,584,632,566,693,658,684
"RASL10A",327,320,329,278,334,260,298,285,323,299,271,267,244,292,304,304
"RBFOX2",8266,7887,8235,8616,8422,8320,8391,8194,8195,8364,8663,8434,8441,8182,8592,8710
"RBX1",163,230,185,189,160,176,171,200,199,212,186,209,171,200,214,208
"RFPL1",289,284,286,312,266,209,291,264,352,323,289,272,324,330,274,277
"RFPL2",1380,1372,1386,1271,1439,1400,1313,1418,1318,1422,1318,1521,1359,1430,1377,1309
"RFPL3",494,564,574,687,609,500,534,574,690,546,552,512,472,493,528,535
"RFPL3S",1099,1097,1050,1086,1171,1228,1040,1132,469,517,465,438,458,528,474,575
"RGL4",569,650,608,571,553,536,541,578,654,552,631,653,534,580,512,525
"RHBDD3",354,373,286,387,374,356,314,381,315,318,335,289,419,326,388,384
"RIBC2",302,297,245,251,297,255,208,310,238,265,268,218,279,285,265,285
"RIMBP3",1228,1084,1139,1146,1116,1311,1290,1088,1117,1116,1024,1162,1025,1119,1168,1115
"RIMBP3B",1091,1293,1075,985,1027,1104,1139,1004,956,1074,1078,1094,1113,1137,1172,989
"RIMBP3C",1139,1128,1147,1176,1240,1021,1156,1155,1234,1290,1189,1222,1092,1224,1242,1261
"RNF185",3813,3818,3853,3807,3997,4003,3965,3766,5503,5950,5713,5872,5492,5561,5575,5785
"RNF215",353,356,379,331,372,328,379,362,356,402,382,361,392,401,392,411
"RNU12",33,15,44,61,35,14,44,21,23,28,17,14,14,21,8,38
"RPL23AP82",456,446,409,444,354,352,386,465,250,301,328,325,282,258,239,245
"RPL3",469,585,524,497,516,510,488,498,442,552,477,453,546,530,474,595
"RPS19BP1",204,170,220,181,177,169,206,267,199,161,160,167,151,206,167,196
"RRP7A",1157,1105,1209,1013,1217,1033,1268,1128,1086,1053,1142,1150,1083,1093,1187,1073
"RRP7BP",402,475,459,441,492,447,549,450,499,401,408,465,424,507,508,490
"RSPH14",258,248,226,216,261,240,209,179,222,265,287,275,273,293,254,237
"RTCB",465,464,400,439,496,457,393,453,370,385,353,456,460,379,437,408
"RTL10",1430,1324,1416,1389,1279,1411,1254,1386,1486,1395,1368,1250,1259,1393,1253,1354
"RTL6",1041,1087,1107,1088,1003,1190,1118,1027,1131,1152,1117,1028,1053,1219,1168,1014
"RTN4R",388,379,430,373,407,384,309,386,369,383,412,328,377,338,453,455
"SAMM50",283,382,370,384,276,327,389,363,352,396,376,356,392,414,376,412
"SBF1",1634,1602,1583,1555,1598,1484,1614,1525,1449,1629,1436,1618,1631,1594,1537,1657
"SCARF2",1330,1393,1350,1372,1431,1462,1435,1362,1256,1446,1369,1404,1449,1437,1442,1287
"SCO2",909,851,726,741,720,804,768,766,863,766,783,826,842,776,890,912
"SCUBE1",836,878,741,720,706,801,884,758,780,746,862,714,831,917,827,845
"SDC4P",82,102,125,84,85,64,88,79,85,87,106,65,147,94,96,95
"SDF2L1",221,160,162,218,156,149,183,192,187,180,169,190,166,250,129,182
"SEC14L2",1866,2117,2256,1926,2110,2146,2044,1918,1880,2187,2112,1760,1976,2246,1920,2237
"SEC14L3",1792,1759,1783,1697,1707,1598,1748,1741,3643,3731,3616,3711,3705,3897,3770,3849
"SEC14L4",931,850,917,917,914,922,889,840,889,1027,1016,901,960,943,942,929
"SEC14L6",289,303,187,237,247,266,236,272,289,281,262,262,250,257,225,251
"SELENOM",151,153,179,170,158,162,151,183,146,143,131,158,108,163,154,147
"SELENOO",497,440,423,495,402,513,467,423,2681,2623,2528,2697,2572,2566,2325,2605
"SEPT3",3851,4052,3590,3888,3786,3599,4003,3782,1309,1397,1475,1451,1291,1427,1264,1515
"SEPT5",884,858,858,885,865,992,905,868,905,910,856,898,939,740,874,963
"SERHL",311,237,340,278,255,244,222,322,274,263,313,308,301,239,268,250
"SERHL2",326,258,298,299,252,254,225,296,238,266,250,275,213,328,257,288
"SERPIND1",503,431,451,371,442,466,424,454,430,374,427,455,410,487,448,408
"SEZ6L",11025,11072,10970,11095,11163,10664,11148,11105,7881,7838,7471,7861,7693,7730,7560,7733
"SF3A1",990,1056,1044,1104,977,979,992,1108,1087,949,1033,1018,977,1064,1004,995
"SFI1",4097,4018,4248,4397,4385,4066,4266,4105,4164,4353,4237,4106,4251,4312,4117,4142
"SGSM1",7782,7863,7621,7829,7825,7748,7671,8196,4691,4582,4816,5144,4697,5004,4938,4889
"SGSM3",606,478,597,623,561,548,609,584,572,559,540,563,592,650,496,579
"SH3BP1",523,555,483,579,587,554,504,496,521,608,491,492,524,512,548,579
"SHANK3",1419,1454,1431,1456,1328,1478,1428,1421,1457,1493,1583,1519,1379,1429,1296,1476
"SHISA8",304,316,249,239,305,238,257,287,323,275,323,256,261,311,261,257
"SHISAL1",1237,1304,1291,1225,1241,1396,1305,1172,1325,1236,1332,1392,1317,1551,1281,1364
"SLC16A8",346,402,445,359,394,403,362,391,395,316,386,392,441,345,374,376
"SLC25A1",878,982,938,1018,997,1017,1014,982,2081,2158,2202,2305,2096,2162,2282,2137
"SLC25A17",374,415,455,399,526,442,440,447,445,503,495,512,497,457,419,497
"SLC25A18",394,457,403,448,460,438,420,428,373,449,337,400,367,352,392,418
"SLC2A11",2435,2320,2313,2465,2299,2358,2358,2571,1446,1204,1372,1616,1461,1436,1431,1306
"SLC35E4",535,473,567,484,502,487,518,502,493,489,495,587,534,464,511,536
"SLC5A1",1873,1840,2040,1933,2024,2003,1838,2036,2041,1949,2069,1982,2072,1896,1983,2063
"SLC5A4",416,467,366,379,364,405,470,467,388,391,368,419,425,432,425,409
"SLC7A4",526,481,423,441,526,455,461,529,470,490,535,452,460,455,489,479
"SMARCB1",619,687,733,614,685,664,702,659,667,698,624,648,666,661,739,722
"SMC1B",841,795,786,879,788,831,929,825,918,896,810,830,844,802,897,939
"SMDT1",299,266,321,337,304,270,295,277,262,352,363,279,287,325,399,283
"SMTN",3214,3250,3359,3292,3352,3194,3212,3082,3368,3339,3460,3353,3418,3270,3199,3397
"SNAP29",797,845,781,848,854,872,947,888,876,827,957,926,870,761,764,841
"SNORD125",20,18,11,16,10,12,18,25,10,48,7,4,8,30,24,27
"SNORD43",9,12,16,15,10,18,10,8,6,8,4,10,17,12,11,12
"SNORD83A",17,19,22,18,24,18,20,25,16,20,7,29,19,20,22,13
"SNORD83B",16,5,26,17,17,19,11,7,12,19,29,10,20,17,17,12
"SNRPD3",731,827,731,750,766,679,772,759,714,834,733,679,712,883,707,808
"SNU13",724,595,635,646,630,639,738,638,624,687,580,631,602,638,588,663
"SOX10",894,743,892,898,843,830,875,870,479,583,537,560,522,561,567,579
"SPECC1L",3994,4051,4226,3966,4088,3898,3797,4183,3870,3969,4108,4219,3885,4147,4008,4174
"SREBF2",1123,1007,993,1116,998,1156,1045,917,1071,995,950,1072,1151,1058,927,1107
"SRRD",250,247,263,274,309,265,237,245,276,280,296,224,238,257,293,210
"SSTR3",678,952,874,798,754,852,870,958,769,864,776,750,868,823,795,879
"ST13",699,664,746,642,677,684,570,760,680,815,695,691,683,743,707,706
"SULT4A1",453,558,432,530,456,481,498,447,511,480,503,449,518,550,499,456
"SUN2",2290,2524,2436,2325,2519,2381,2411,2442,2433,2238,2305,2407,2564,2421,2305,2408
"SUSD2",592,674,691,623,645,644,667,643,667,560,700,655,619,653,650,725
"SYCE3",80,102,105,56,78,95,71,70,78,92,91,83,83,67,89,71
"SYN3",1838,1863,1792,1752,1746,1751,1769,1780,1711,1783,1942,1737,1756,1838,1712,1837
"SYNGR1",1428,1486,1308,1398,1502,1464,1413,1371,1997,2224,2119,2276,2149,2367,2313,2314
"TAB1",983,981,968,1077,954,997,1033,1011,1057,1073,1095,1013,1101,1028,1112,1047
"TANGO2",582,424,534,513,468,468,415,357,445,453,438,524,471,481,417,434
"TBC1D10A",764,691,871,813,790,806,761,751,745,784,765,809,746,743,737,811
"TBC1D22A",711,761,795,755,773,849,723,720,757,697,711,628,855,783,792,762
"TBX1",1103,1087,1088,1004,1098,1086,1132,1145,938,1047,1063,952,1080,1010,974,958
"TCF20",2881,3034,2757,2914,3111,2907,2937,2891,3023,2981,2885,2895,3012,2732,3097,2881
"TCN2",1795,1517,1703,1632,1666,1687,1586,1501,871,881,810,949,728,771,750,806
"TEF",1933,1719,1848,1839,1636,1796,1755,1932,1729,1698,1666,1641,1888,1630,1784,1671
"TEX33",408,398,338,386,544,367,407,458,458,350,397,440,454,403,390,375
"TFIP11",1148,1165,1364,1143,1160,1151,1249,1146,1259,1261,1150,1153,1076,1134,1107,1084
"THAP7",429,470,454,523,496,478,526,578,542,451,507,459,443,489,582,471
"THAP7-AS1",779,799,742,670,747,774,785,847,775,813,807,806,766,681,750,845
"THOC5",2189,2003,2084,2141,1964,1952,1953,1964,2070,1959,2045,1849,2112,2277,2091,2179
"TIMP3",1084,1160,1219,1134,1225,1072,1108,1063,1097,1076,1121,1106,1206,1074,1165,1171
"TMEM121B",1824,1823,1793,1690,1680,1950,1779,1921,5069,4812,5053,5250,5036,4957,5000,4943
"TMEM184B",2219,2095,2257,2489,2187,2219,2160,2199,2178,2242,2397,2213,2166,2217,2183,2261
"TMEM191A",398,351,357,477,393,373,348,395,450,374,387,383,470,390,405,416
"TMEM191B",303,258,294,259,286,209,273,309,246,236,230,259,211,256,267,254
"TMEM191C",255,324,265,276,285,256,199,260,228,247,259,226,308,210,228,284
"TMEM211",97,108,115,102,86,99,97,106,98,110,59,103,84,97,95,64
"TMPRSS6",2395,2147,2114,2180,2131,2268,2474,2335,656,661,524,695,554,638,627,673
"TNFRSF13C",227,155,194,128,223,118,211,196,190,161,184,226,199,212,163,195
"TNRC6B",19721,19339,19297,19605,19330,19423,19495,19783,21530,20533,21096,21173,21291,21191,21271,21125
"TOB2",897,936,929,872,892,916,945,859,888,897,858,911,1048,965,898,987
"TOM1",2931,2895,2877,2786,2702,2918,2860,2752,2966,2909,2689,2781,2966,2834,2837,2813
"TOMM22",273,305,249,287,291,267,195,398,257,307,333,252,313,291,275,269
"TOP3B",720,548,620,633,590,661,635,658,598,610,520,603,657,562,711,622
"TPST2",857,654,742,873,700,902,934,870,750,746,864,746,730,700,799,778
"TPTEP1",283,297,261,287,280,283,324,327,293,333,353,285,351,329,289,295
"TRABD",475,415,456,482,408,552,461,424,443,490,433,397,446,495,437,508
"TRIOBP",3305,3269,3319,3339,3337,3193,3254,3304,3291,3549,3119,3445,3333,3158,3228,3359
"TRMT2A",1961,1761,1837,1785,1812,1764,1783,1821,1786,1700,1669,1603,1896,1838,1709,1757
"TRMU",379,351,372,312,421,361,402,368,394,496,377,394,421,384,418,511
"TSPO",763,883,818,729,749,682,713,783,738,659,794,827,715,741,694,770
"TSSK2",292,293,345,381,379,349,375,333,348,363,331,366,351,372,368,334
"TST",396,485,450,416,410,445,499,438,551,462,443,414,440,457,443,472
"TTC28",2309,2402,2231,2441,2326,2431,2389,2177,2347,2389,2323,2356,2475,2432,2353,2275
"TTC28-AS1",1261,1254,1138,1274,1196,1208,1104,1236,1228,1305,1161,1102,1068,1176,1316,1224
"TTC38",504,463,441,490,553,566,580,549,580,547,535,532,428,427,475,484
"TTLL1",656,578,753,682,793,640,690,722,758,629,839,689,737,713,723,737
"TTLL12",705,619,710,603,627,734,641,748,530,595,641,636,751,631,643,686
"TUBA3FP",384,404,327,366,443,343,425,328,441,398,364,400,368,384,342,393
"TUBA8",935,880,673,882,762,855,891,819,763,795,777,777,853,927,770,838
"TUBGCP6",1262,1264,1129,1164,1315,1077,1231,1223,1143,1120,1235,1015,1052,1248,1282,1152
"TUG1",1455,1422,1357,1520,1383,1495,1443,1378,1258,1272,1467,1358,1365,1427,1325,1319
"TXN2",260,299,315,232,295,294,324,276,273,295,250,287,275,348,232,226
"TXNRD2",314,444,369,422,396,382,375,420,1987,2093,2208,2117,1946,2069,1826,2026
"TYMP",1730,1811,1682,1773,1793,1797,1788,1720,3309,3130,3316,3179,3305,3218,3327,3039
"UBE2L3",3150,3211,3007,3091,2954,3097,2879,2955,3025,3213,2856,3069,3034,3201,3108,3374
"UFD1",634,793,640,684,754,731,703,707,675,743,657,718,745,690,651,718
"UPB1",508,408,464,481,440,430,465,438,391,483,399,377,435,392,430,437
"UPK3A",340,387,302,317,323,367,376,403,396,344,373,394,397,385,353,357
"UQCR10",425,360,420,379,399,314,337,408,388,451,416,388,415,339,445,453
"USP18",315,436,448,418,400,438,468,430,418,363,383,457,478,312,395,366
"VPREB1",108,120,159,157,136,160,139,143,109,126,97,196,103,155,156,125
"VPREB3",116,110,182,107,117,89,126,136,87,110,105,129,130,103,120,88
"WBP2NL",469,428,477,533,411,506,457,426,511,439,532,516,358,588,504,509
"WNT7B",784,842,751,764,818,797,682,707,854,758,767,891,795,873,790,790
"XBP1",685,757,745,783,803,766,725,787,2135,2280,2322,2322,2335,2247,2437,2446
"XKR3",371,317,311,286,329,356,300,319,342,360,320,279,289,367,309,388
"XPNPEP3",1937,1804,2049,1840,1948,2006,1948,1837,1982,1877,1857,1882,1843,1932,2005,1842
"XRCC6",426,393,418,407,432,482,410,438,454,465,546,490,445,388,422,438
"YDJC",924,713,715,836,825,830,825,888,243,185,331,305,247,266,286,240
"YPEL1",881,908,881,923,788,865,815,817,740,886,793,916,839,794,859,872
"YWHAH",311,354,338,361,450,358,366,341,321,358,330,324,361,307,341,351
"Z82180.1",281,244,170,195,192,189,212,233,233,198,187,213,211,206,261,185
"Z84468.1",227,272,258,259,232,314,198,284,288,354,323,313,259,301,255,251
"Z98749.2",101,115,135,102,111,107,122,90,98,71,80,85,129,124,107,120
"ZBED4",1360,1376,1337,1319,1348,1265,1451,1327,1350,1313,1421,1209,1401,1348,1396,1255
"ZC3H7B",1104,1116,1170,1163,1111,1096,1226,1187,1174,1106,1197,1140,1210,1246,1101,1199
"ZDHHC8",1683,1712,1640,1623,1576,1680,1690,1546,1662,1604,1638,1604,1833,1756,1566,1657
"ZDHHC8P1",1790,1785,1852,1878,1786,1666,1719,1648,512,554,544,464,512,513,419,536
"ZMAT5",402,420,448,346,374,484,473,349,386,402,408,341,435,362,310,378
"ZNF280A",438,446,405,444,361,460,364,379,479,356,403,420,420,408,427,468
"ZNF280B",1147,1089,1094,1257,1118,1181,1061,1277,989,1153,1269,1227,1054,1254,1146,1234
"ZNF70",789,742,859,801,791,769,717,854,706,708,792,783,761,815,755,830
"ZNF74",3980,4025,3849,3922,3615,3507,3829,3843,6134,6395,6192,6081,6382,6538,6220,6520
"ZNRF3",2655,2571,2667,2451,2809,2604,2489,2655,2634,2680,2634,2656,2703,2571,2794,2685
"ZNRF3-AS1",499,487,447,460,440,416,439,410,379,418,403,447,425,451,403,395
